Introduction/Consent,Q-PartyAffiliation,Q-PartyAffiliation_4_TEXT,Q-PolarAffiliation,Q-MiddleAffiliation,Prior_awareness,Prior_participation,Q-DemThreat,Q-FeelingTherm_1,Q-FeelingTherm_2,Q-AffPolarization,Event1_Prob_Pre_1,Event2_Prob_Pre_1,Event3_Prob_Pre_1,Event4_Prob_Pre_1,Attention Check_1,Q-InLawDist,Q-CloseFriendDist,Q-Social Distance 3,Q-ReElection,Q-AttentionCheck,Q-Manipulation Check,Event1_Prob_Post_1...40,Event2_Prob_Post_1...41,Event3_Prob_Post_1...42,Event4_Prob_Post_1...43,Event1_Prob_Post_1...44,Event2_Prob_Post_1...45,Event3_Prob_Post_1...46,Event4_Prob_Post_1...47,Event1_Prob_Post_1...48,Event2_Prob_Post_1...49,Event3_Prob_Post_1...50,Event4_Prob_Post_1...51,ParticipantId,assignmentId,projectId,Market_Price_m_kxusdebtmon-26may01,Market_Price_m_kxpayrolls-26apr,Market_Price_m_controls-2026,Market_Price_m_kxdhsfund,order_first,Treat_Party,Treat_Frame,InParty,OutParty,InPartyNoun,OutPartyNoun,GovParty,GovPartyNoun,frame_topic,Treatment,Age,Education,Sex,Occupation Field,Relationship/Marital Status,Political Party,Ethnicity,Gender,Country Of Residence,Household Income,Race,Employment Status
Do you consent to participate?,"Generally speaking, do you usually think of yourself as a Democrat, a Republican, an independent, or other? - Selected Choice","Generally speaking, do you usually think of yourself as a Democrat, a Republican, an independent, or other? - Other party (please specify) - Text",Would you call yourself a strong [QID1-ChoiceGroup-SelectedChoices] or a not very strong [QID1-ChoiceGroup-SelectedChoices]?,Do you think of yourself as closer to the Republican Party or to the Democratic Party?,"Before today, had you ever heard of prediction markets such as Kalshi or Polymarket?",Have you ever placed money on a political prediction market or similar platform?,State governors often need to make decisions that could hold consequences for democracy in their state. Which of the following political actions would you consider the greatest threat to democratic governance?,"We would like to get your feelings toward some political parties using something we call the ""feeling thermometer."" Ratings between 50 degrees and 100 degrees mean that you feel favorable and warm toward the party. Ratings between 0 and 50 degrees mean that you don't feel favorable toward the party and that you don't care too much for that group. You would rate the group at the 50 degree mark if you don't feel particularly warm or cold toward the group. - People who belong to the Republican Party","We would like to get your feelings toward some political parties using something we call the ""feeling thermometer."" Ratings between 50 degrees and 100 degrees mean that you feel favorable and warm toward the party. Ratings between 0 and 50 degrees mean that you don't feel favorable toward the party and that you don't care too much for that group. You would rate the group at the 50 degree mark if you don't feel particularly warm or cold toward the group. - People who belong to the Democratic Party","How important is it to you that the government in your state follows established democratic rules and norms, even if that means the [Field-InParty] Party loses an election?","Loading event...


What do you think the true probability of this event is? - Probability","Loading event...


What do you think the true probability of this event is? - Probability","Loading event...


What do you think the true probability of this event is? - Probability","Loading event...


What do you think the true probability of this event is? - Probability","Event: The party participating in this survey (you) reads this question in its entirety.

If you are reading this, answer 64 to the following question. What do you think the true probability of this event is? - Probability",How comfortable would you feel if you had a child who married a [Field-OutPartyNoun]?,How comfortable would you feel having a close personal friend who is a [Field-OutPartyNoun]?,How comfortable would you feel having a [Field-OutPartyNoun] move in next door to you?,"If the governor mentioned in the news article you just read ran for re-election, how likely would you be to vote for them?","In the news article you just read, was the state governor a Republican, a Democrat, or not specified?","Among these options, which one do you think most clearly describes why the state governor took the actions described in the news article?","Loading event...


What do you think the true probability of this event is? - Probability","Loading event...


What do you think the true probability of this event is? - Probability","Loading event...


What do you think the true probability of this event is? - Probability","Loading event...


What do you think the true probability of this event is? - Probability","Loading event...


What do you think the true probability of this event is?





   Loading market data... - Probability","Loading event...


What do you think the true probability of this event is?





   Loading market data... - Probability","Loading event...


What do you think the true probability of this event is?





   Loading market data... - Probability","Loading event...


What do you think the true probability of this event is?





   Loading market data... - Probability","Loading event...


What do you think the true probability of this event is?





   Loading market data... - Probability","Loading event...


What do you think the true probability of this event is?





   Loading market data... - Probability","Loading event...


What do you think the true probability of this event is?





   Loading market data... - Probability","Loading event...


What do you think the true probability of this event is?





   Loading market data... - Probability",participantId,assignmentId,projectId,Market_Price_m_kxusdebtmon-26may01,Market_Price_m_kxpayrolls-26apr,Market_Price_m_controls-2026,Market_Price_m_kxdhsfund,order_first,Treat_Party,Treat_Frame,InParty,OutParty,InPartyNoun,OutPartyNoun,GovParty,GovPartyNoun,frame_topic,Treatment,NA,NA,NA,NA,NA,NA,NA,NA,NA,NA,NA,NA
"{""ImportId"":""QID131""}","{""ImportId"":""QID1""}","{""ImportId"":""QID1_4_TEXT""}","{""ImportId"":""QID4""}","{""ImportId"":""QID7""}","{""ImportId"":""QID1323534523""}","{""ImportId"":""QID1323534524""}","{""ImportId"":""QID13""}","{""ImportId"":""QID8_1""}","{""ImportId"":""QID8_2""}","{""ImportId"":""QID12""}","{""ImportId"":""QID1323534537_1""}","{""ImportId"":""QID1323534538_1""}","{""ImportId"":""QID1323534539_1""}","{""ImportId"":""QID1323534540_1""}","{""ImportId"":""QID1323534541_1""}","{""ImportId"":""QID18""}","{""ImportId"":""QID29""}","{""ImportId"":""QID31""}","{""ImportId"":""QID17""}","{""ImportId"":""QID25""}","{""ImportId"":""QID28""}","{""ImportId"":""QID1323534529_1""}","{""ImportId"":""QID1323534530_1""}","{""ImportId"":""QID1323534531_1""}","{""ImportId"":""QID1323534532_1""}","{""ImportId"":""QID1323534533_1""}","{""ImportId"":""QID1323534534_1""}","{""ImportId"":""QID1323534535_1""}","{""ImportId"":""QID1323534536_1""}","{""ImportId"":""QID133_1""}","{""ImportId"":""QID134_1""}","{""ImportId"":""QID135_1""}","{""ImportId"":""QID136_1""}","{""ImportId"":""participantId""}","{""ImportId"":""assignmentId""}","{""ImportId"":""projectId""}","{""ImportId"":""Market_Price_m_kxusdebtmon-26may01""}","{""ImportId"":""Market_Price_m_kxpayrolls-26apr""}","{""ImportId"":""Market_Price_m_controls-2026""}","{""ImportId"":""Market_Price_m_kxdhsfund""}","{""ImportId"":""order_first""}","{""ImportId"":""Treat_Party""}","{""ImportId"":""Treat_Frame""}","{""ImportId"":""InParty""}","{""ImportId"":""OutParty""}","{""ImportId"":""InPartyNoun""}","{""ImportId"":""OutPartyNoun""}","{""ImportId"":""GovParty""}","{""ImportId"":""GovPartyNoun""}","{""ImportId"":""frame_topic""}","{""ImportId"":""Treatment""}",NA,NA,NA,NA,NA,NA,NA,NA,NA,NA,NA,NA
"Yes, I consent to participate.",Republican,NA,Not Very Strong,NA,Yes,No,Directing law enforcement to investigate politicians of the opposing party,29,67,Neither important nor unimportant,50,58,38,73,64,Somewhat comfortable,Somewhat uncomfortable,Somewhat comfortable,Somewhat unlikely,Democrat,The governor took action in an effort to reshape democratic norms and institutions.,NA,NA,NA,NA,67,0,100,100,NA,NA,NA,NA,NA,NA,NA,0.48,0.435,0.505,0.775,NA,InParty,Policy,Republican,Democratic,Republican,Democrat,Republican,Republican,NA,2,NA,NA,NA,NA,NA,NA,NA,NA,NA,NA,NA,NA
"Yes, I consent to participate.",Independent,NA,NA,Neither,No,No,Manipulating geographic boundaries of election districts,53,50,Somewhat unimportant,50,50,50,50,50,Somewhat uncomfortable,Somewhat uncomfortable,Uncomfortable,Somewhat unlikely,Not specified,The governor took action to pursue a specific policy outcome.,NA,NA,NA,NA,50,50,50,50,NA,NA,NA,NA,NA,NA,NA,0.12,0.455,0.505,0.79,OW,InParty,Policy,Republican,Democratic,Republican,Democrat,Republican,Republican,redistrict,3,NA,NA,NA,NA,NA,NA,NA,NA,NA,NA,NA,NA
"Yes, I consent to participate.",No preference,NA,NA,Neither,No,No,Manipulating geographic boundaries of election districts,26,59,Neither important nor unimportant,64,70,27,70,64,Somewhat comfortable,Somewhat comfortable,Uncomfortable,Likely,Not specified,The governor took action to gain an electoral advantage or to respond to similar actions taken by the other party in the past.,67,82,27,69,NA,NA,NA,NA,NA,NA,NA,NA,NA,NA,NA,1,0.465,0.505,0.995,Mehlhaff,OutParty,Electoral,Democratic,Republican,Democrat,Republican,Republican,Republican,redistrict,0,NA,NA,NA,NA,NA,NA,NA,NA,NA,NA,NA,NA
"Yes, I consent to participate.",Democrat,NA,Not Very Strong,NA,Yes,No,Directing law enforcement to investigate politicians of the opposing party,4,70,Very important,100,21,40,61,64,Somewhat uncomfortable,Somewhat uncomfortable,Neither comfortable nor uncomfortable,Very unlikely,Not specified,The governor took action to gain an electoral advantage or to respond to similar actions taken by the other party in the past.,NA,NA,NA,NA,100,30,51,100,NA,NA,NA,NA,1532F72DBE7B4CF18F33405B79BF950D,019de997-6606-7d7a-8b2d-e1f430949e02,019de1ab-afed-72b0-99bf-23a6aa89592d,1,0.465,0.505,0.995,OW,Control,Democracy,Democratic,Republican,Democrat,Republican,NA,NA,investigate,2,38,"Some college, but no degree",Male,Medicine,Divorced,Democrat,"No, not of Hispanic, Latino, or Spanish origin",Man,United States,"$50,000-$59,999",Korean,Full-time
"Yes, I consent to participate.",Independent,NA,NA,Closer to Republican Party,Yes,No,Restructuring the state’s highest court to favor the party in power,50,0,Very important,0,0,50,5,64,Neither comfortable nor uncomfortable,Somewhat uncomfortable,Neither comfortable nor uncomfortable,Neither likely nor unlikely,Republican,The governor took action to gain an electoral advantage or to respond to similar actions taken by the other party in the past.,NA,NA,NA,NA,0,0,50,100,NA,NA,NA,NA,8DFA07C880FC4350BCAE8401C5098747,019de997-19f2-7272-aca5-677ec03d47b5,019de1ab-afed-72b0-99bf-23a6aa89592d,1,0.465,0.505,0.995,Mehlhaff,InParty,Policy,Republican,Democratic,Republican,Democrat,Republican,Republican,courts,1,27,"Bachelor's degree (for example: BA, AB, BS)",Male,Other,Single,Independent,"No, not of Hispanic, Latino, or Spanish origin",Man,United States,"$30,000-$39,999",Chinese,Unemployed
"Yes, I consent to participate.",Republican,NA,Not Very Strong,NA,Yes,No,Manipulating geographic boundaries of election districts,53,9,Important,81,41,57,87,64,Comfortable,Very Comfortable,Comfortable,Somewhat likely,Republican,The governor took action in an effort to reshape democratic norms and institutions.,68,44,62,81,NA,NA,NA,NA,NA,NA,NA,NA,16327B86EF4B4F18A2DE18EEFCAB67CA,019de998-45cf-7d58-93ee-d1105afb4543,019de1ab-afed-72b0-99bf-23a6aa89592d,1,0.465,0.505,0.995,OW,InParty,Policy,Republican,Democratic,Republican,Democrat,Republican,Republican,redistrict,0,30,"Bachelor's degree (for example: BA, AB, BS)",Male,I’d Rather Not Say,Single,Democrat,"Yes, Mexican, Mexican Am., Chicano",Man,United States,"$40,000-$49,999",White,Unemployed
"Yes, I consent to participate.",Independent,NA,NA,Closer to Democratic Party,Yes,No,Restructuring the state’s highest court to favor the party in power,10,75,Very important,70,80,60,90,64,Very comfortable,Very Comfortable,Very comfortable,Neither likely nor unlikely,Not specified,The governor took action to pursue a specific policy outcome.,80,80,60,90,NA,NA,NA,NA,NA,NA,NA,NA,46331EBA4F494FAD901E83106523FF12,019de997-08a9-715d-8885-3e5fa79f635d,019de1ab-afed-72b0-99bf-23a6aa89592d,1,0.465,0.505,0.995,OW,Control,Democracy,Democratic,Republican,Democrat,Republican,NA,NA,courts,0,42,"Bachelor's degree (for example: BA, AB, BS)",Female,NA,NA,Independent,"No, not of Hispanic, Latino, or Spanish origin",Woman,United States,"$30,000-$39,999",Chinese,NA
"Yes, I consent to participate.",Democrat,NA,Strong,NA,Yes,No,Prosecuting journalists for unfair news coverage,0,97,Very important,85,12,30,50,64,Very uncomfortable,Somewhat uncomfortable,Neither comfortable nor uncomfortable,Very unlikely,Republican,The governor took action in an effort to reshape democratic norms and institutions.,NA,NA,NA,NA,100,44,40,93,NA,NA,NA,NA,218D74FFB32A4C838A88C6019A69DE91,019de997-c564-7fbf-9848-414355f0d6ee,019de1ab-afed-72b0-99bf-23a6aa89592d,1,0.465,0.505,0.995,Mehlhaff,OutParty,Electoral,Democratic,Republican,Democrat,Republican,Republican,Republican,media,2,74,"Some college, but no degree",Male,Medicine,Divorced,Democrat,"No, not of Hispanic, Latino, or Spanish origin",Man,United States,"$40,000-$49,999",White,Full-time
"Yes, I consent to participate.",Democrat,NA,Strong,NA,Yes,Yes,Directing law enforcement to investigate politicians of the opposing party,0,100,Very important,52,53,27,82,64,Very uncomfortable,Very uncomfortable,Very uncomfortable,Very unlikely,Republican,The governor took action in an effort to reshape democratic norms and institutions.,55,55,21,85,NA,NA,NA,NA,NA,NA,NA,NA,88C94A3623874F05ADBEE16B25EF1BB1,019de998-4b1f-7b5c-b389-ff7d8dfa04f4,019de1ab-afed-72b0-99bf-23a6aa89592d,1,0.465,0.505,0.995,OW,OutParty,Electoral,Democratic,Republican,Democrat,Republican,Republican,Republican,investigate,0,69,"Bachelor's degree (for example: BA, AB, BS)",Male,Education & Training,Married,Democrat,"No, not of Hispanic, Latino, or Spanish origin",Man,United States,"$150,000-$174,999",White,Full-time
"Yes, I consent to participate.",Democrat,NA,Not Very Strong,NA,Yes,No,Manipulating geographic boundaries of election districts,3,45,Very important,90,5,55,90,64,Somewhat uncomfortable,Uncomfortable,Neither comfortable nor uncomfortable,Likely,Democrat,The governor took action to gain an electoral advantage or to respond to similar actions taken by the other party in the past.,95,5,55,80,NA,NA,NA,NA,NA,NA,NA,NA,C9A932ACBDF341BFAF4CC23E0724F4DA,019de999-32b7-71fd-a06c-fa36d900974c,019de1ab-afed-72b0-99bf-23a6aa89592d,1,0.465,0.505,0.995,Mehlhaff,InParty,Democracy,Democratic,Republican,Democrat,Republican,Democratic,Democrat,redistrict,0,43,"Bachelor's degree (for example: BA, AB, BS)",Male,Other,Single,Democrat,"No, not of Hispanic, Latino, or Spanish origin",Man,United States,"$250,000 or more",Chinese,Part-time
"Yes, I consent to participate.",Democrat,NA,Strong,NA,Yes,No,Restructuring the state’s highest court to favor the party in power,0,70,Very important,90,10,10,50,64,Very uncomfortable,Very uncomfortable,Very uncomfortable,Very unlikely,Republican,The governor took action in an effort to reshape democratic norms and institutions.,NA,NA,NA,NA,100,20,50,95,NA,NA,NA,NA,784A96937A0F44E1BA55D7971CA37B7A,019de997-00cf-734b-a64b-5dd78e954966,019de1ab-afed-72b0-99bf-23a6aa89592d,1,0.465,0.505,0.995,Mehlhaff,OutParty,Policy,Democratic,Republican,Democrat,Republican,Republican,Republican,courts,2,41,"Bachelor's degree (for example: BA, AB, BS)",Female,Other,Married,Democrat,"Yes, Mexican, Mexican Am., Chicano",Woman,United States,"$100,000-$124,999",White,Unemployed
"Yes, I consent to participate.",Independent,NA,NA,Closer to Republican Party,Yes,No,Restructuring the state’s highest court to favor the party in power,83,14,Important,62,58,62,66,64,Somewhat uncomfortable,Somewhat comfortable,Neither comfortable nor uncomfortable,Very unlikely,Democrat,The governor took action to gain an electoral advantage or to respond to similar actions taken by the other party in the past.,NA,NA,NA,NA,76,52,34,72,NA,NA,NA,NA,9C777ABC0CA34BCC8D0452EF6F542E2A,019de997-ac05-7232-a1ea-1110caa2cd9d,019de1ab-afed-72b0-99bf-23a6aa89592d,1,0.465,0.505,0.995,Mehlhaff,OutParty,Electoral,Republican,Democratic,Republican,Democrat,Democratic,Democrat,courts,3,27,"Bachelor's degree (for example: BA, AB, BS)",Female,NA,Married,Independent,"No, not of Hispanic, Latino, or Spanish origin",Woman,United States,"$80,000-$89,999",Filipino,"Not in paid work (e.g., homemaker, disabled)"
"Yes, I consent to participate.",Democrat,NA,Strong,NA,Yes,Yes,Manipulating geographic boundaries of election districts,15,86,Very important,99,65,59,77,64,Very comfortable,Comfortable,Comfortable,Likely,Democrat,The governor took action to gain an electoral advantage or to respond to similar actions taken by the other party in the past.,NA,NA,NA,NA,100,44,58,100,NA,NA,NA,NA,D10ED7A5134E48A38394F95BF1D357C2,019de998-646b-7ff0-b5ae-a8f9ab2b5911,019de1ab-afed-72b0-99bf-23a6aa89592d,1,0.465,0.505,0.995,Mehlhaff,InParty,Policy,Democratic,Republican,Democrat,Republican,Democratic,Democrat,redistrict,2,65,"Doctorate degree (for example: PhD, EdD)",Male,Business Management & Administration,In a relationship,Democrat,"No, not of Hispanic, Latino, or Spanish origin",Man,United States,"$250,000 or more",White,Full-time
"Yes, I consent to participate.",Democrat,NA,Strong,NA,Yes,No,Manipulating geographic boundaries of election districts,7,73,Very important,58,15,46,95,64,Very uncomfortable,Uncomfortable,Neither comfortable nor uncomfortable,Very unlikely,Republican,The governor took action in an effort to reshape democratic norms and institutions.,59,20,46,91,NA,NA,NA,NA,NA,NA,NA,NA,4680491AF58148D7915636150F84281B,019de999-7357-7ab8-aa4f-de5a4c7b6e8b,019de1ab-afed-72b0-99bf-23a6aa89592d,1,0.465,0.505,0.995,OW,OutParty,Democracy,Democratic,Republican,Democrat,Republican,Republican,Republican,redistrict,0,45,"Master's degree (for example: MA, MS, MEng, MEd, MSW, MBA)",Male,Arts,Divorced,Democrat,"Yes, Puerto Rican",Man,United States,"$30,000-$39,999",White,Full-time
"Yes, I consent to participate.",Republican,NA,Strong,NA,Yes,Yes,Restructuring the state’s highest court to favor the party in power,80,11,Neither important nor unimportant,66,25,65,30,64,Comfortable,Comfortable,Comfortable,Neither likely nor unlikely,Not specified,The governor took action in an effort to reshape democratic norms and institutions.,NA,NA,NA,NA,100,56,71,100,NA,NA,NA,NA,881B644C649C40C0A79543D1C45877BD,019de998-46e6-7070-9fc7-d7de6e08d577,019de1ab-afed-72b0-99bf-23a6aa89592d,1,0.465,0.505,0.995,OW,Control,Policy,Republican,Democratic,Republican,Democrat,NA,NA,courts,1,44,"Bachelor's degree (for example: BA, AB, BS)",Male,Other,Married,Republican,"Yes, Cuban",Man,United States,"$125,000-$149,999",White,Full-time
"Yes, I consent to participate.",Democrat,NA,Strong,NA,Yes,No,Directing law enforcement to investigate politicians of the opposing party,2,80,Very important,100,53,46,100,64,Comfortable,Very Comfortable,Comfortable,Neither likely nor unlikely,Republican,The governor took action to pursue a specific policy outcome.,NA,NA,NA,NA,100,52,47,100,NA,NA,NA,NA,1A40B0BD6ACA480A93FDCD0C474DE120,019de998-280f-772e-be63-fe35328b928f,019de1ab-afed-72b0-99bf-23a6aa89592d,1,0.465,0.505,0.995,OW,Control,Policy,Democratic,Republican,Democrat,Republican,NA,NA,investigate,3,63,"Doctorate degree (for example: PhD, EdD)",Male,Education & Training,Divorced,Democrat,"No, not of Hispanic, Latino, or Spanish origin",Man,United States,"$80,000-$89,999",White,Full-time
"Yes, I consent to participate.",Democrat,NA,Strong,NA,Yes,No,Prosecuting journalists for unfair news coverage,0,100,Somewhat important,90,0,80,90,64,Very uncomfortable,Neither comfortable nor uncomfortable,Neither comfortable nor uncomfortable,Somewhat likely,Democrat,The governor took action in an effort to reshape democratic norms and institutions.,NA,NA,NA,NA,100,20,80,100,NA,NA,NA,NA,9EC07BE8990F4AD3BDA6781B29F3921C,019de997-9e68-7fce-985a-560e8fb9773e,019de1ab-afed-72b0-99bf-23a6aa89592d,1,0.465,0.505,0.995,OW,InParty,Policy,Democratic,Republican,Democrat,Republican,Democratic,Democrat,media,3,52,"Bachelor's degree (for example: BA, AB, BS)",Female,Other,Divorced,Democrat,"No, not of Hispanic, Latino, or Spanish origin",Woman,United States,"Less than $10,000",Black or African American,Full-time
"Yes, I consent to participate.",Independent,NA,NA,Neither,Unsure,No,Manipulating geographic boundaries of election districts,20,25,Important,50,85,50,50,64,Comfortable,Comfortable,Comfortable,Unlikely,Not specified,The governor took action to gain an electoral advantage or to respond to similar actions taken by the other party in the past.,NA,NA,NA,NA,50,85,50,50,NA,NA,NA,NA,1D957C0F9F134B738B60E8B4EC975515,019de999-997b-7a4b-a25a-5313eea0f793,019de1ab-afed-72b0-99bf-23a6aa89592d,1,0.465,0.505,0.995,OW,Control,Policy,Republican,Democratic,Republican,Democrat,NA,NA,redistrict,3,35,"Bachelor's degree (for example: BA, AB, BS)",Female,Arts,In a relationship,Independent,"Yes, Mexican, Mexican Am., Chicano",Woman,United States,"$30,000-$39,999",White,Full-time
"Yes, I consent to participate.",Independent,NA,NA,Closer to Republican Party,Yes,No,Restructuring the state’s highest court to favor the party in power,90,7,Somewhat important,81,40,30,50,64,Uncomfortable,Somewhat uncomfortable,Neither comfortable nor uncomfortable,Somewhat unlikely,Republican,The governor took action to gain an electoral advantage or to respond to similar actions taken by the other party in the past.,NA,NA,NA,NA,92,50,43,73,NA,NA,NA,NA,813A42D1482F4DF4BB159E909B49D5F3,019de997-c8be-7421-977f-481a4719b387,019de1ab-afed-72b0-99bf-23a6aa89592d,1,0.465,0.505,0.995,OW,InParty,Policy,Republican,Democratic,Republican,Democrat,Republican,Republican,courts,3,69,High school graduate - high school diploma or the equivalent (for example: GED),Female,Retired,Married,Republican,"No, not of Hispanic, Latino, or Spanish origin",Woman,United States,"$100,000-$124,999",White,Retired
"Yes, I consent to participate.",Democrat,NA,Not Very Strong,NA,Yes,No,Directing law enforcement to investigate politicians of the opposing party,0,100,Very important,72,46,48,45,64,Somewhat uncomfortable,Somewhat uncomfortable,Somewhat uncomfortable,Somewhat unlikely,Republican,The governor took action in an effort to reshape democratic norms and institutions.,NA,NA,NA,NA,64,50,71,75,NA,NA,NA,NA,B222A449B5764EC3838ADB6E102FA35D,019de997-6822-74b8-b878-837ba201011a,019de1ab-afed-72b0-99bf-23a6aa89592d,1,0.465,0.505,0.995,OW,Control,Electoral,Democratic,Republican,Democrat,Republican,NA,NA,investigate,1,63,"Bachelor's degree (for example: BA, AB, BS)",Female,Information Technology,Married,Democrat,"No, not of Hispanic, Latino, or Spanish origin",Woman,United States,"$100,000-$124,999",Japanese,Part-time
"Yes, I consent to participate.",Democrat,NA,Strong,NA,Yes,No,Directing law enforcement to investigate politicians of the opposing party,2,97,Important,70,37,34,76,64,Somewhat comfortable,Comfortable,Comfortable,Likely,Not specified,The governor took action in an effort to reshape democratic norms and institutions.,NA,NA,NA,NA,100,39,50,97,NA,NA,NA,NA,B5F94333EC794713BFD582B04A79E0BB,019de999-8091-7fe8-9e03-5c4006e55a5a,019de1ab-afed-72b0-99bf-23a6aa89592d,1,0.465,0.505,0.995,OW,Control,Policy,Democratic,Republican,Democrat,Republican,NA,NA,investigate,1,72,"Master's degree (for example: MA, MS, MEng, MEd, MSW, MBA)",Male,Retired,Widowed,Democrat,"No, not of Hispanic, Latino, or Spanish origin",Man,United States,"$50,000-$59,999",Chinese,Retired
"Yes, I consent to participate.",Democrat,NA,Not Very Strong,NA,Yes,No,Manipulating geographic boundaries of election districts,80,80,Very important,50,4,35,50,64,Somewhat comfortable,Very Comfortable,Very comfortable,Very unlikely,Republican,The governor took action to gain an electoral advantage or to respond to similar actions taken by the other party in the past.,NA,NA,NA,NA,100,9,35,100,NA,NA,NA,NA,ADDBE78355E240D8AF1E859572FDF233,019de997-220d-71fa-b367-3e79ea965bb0,019de1ab-afed-72b0-99bf-23a6aa89592d,1,0.465,0.505,0.995,OW,OutParty,Policy,Democratic,Republican,Democrat,Republican,Republican,Republican,redistrict,3,67,"Bachelor's degree (for example: BA, AB, BS)",Female,Other,Single,Democrat,"No, not of Hispanic, Latino, or Spanish origin",Woman,United States,"$20,000-$29,999",White,Full-time
"Yes, I consent to participate.",Democrat,NA,Not Very Strong,NA,No,No,Manipulating geographic boundaries of election districts,0,100,Very important,81,78,73,33,64,Neither comfortable nor uncomfortable,Neither comfortable nor uncomfortable,Somewhat uncomfortable,Very unlikely,Not specified,The governor took action in an effort to reshape democratic norms and institutions.,NA,NA,NA,NA,91,36,50,71,NA,NA,NA,NA,0CDD8954336E4CBF8E717BD64560348B,019de997-7b52-75d0-b907-a02731b4e867,019de1ab-afed-72b0-99bf-23a6aa89592d,1,0.465,0.505,0.995,OW,Control,Electoral,Democratic,Republican,Democrat,Republican,NA,NA,redistrict,3,73,"Some college, but no degree",Female,Other,Married,Democrat,"No, not of Hispanic, Latino, or Spanish origin",Woman,United States,"$70,000-$79,999",Black or African American,Part-time
"Yes, I consent to participate.",Democrat,NA,Strong,NA,Yes,Yes,Manipulating geographic boundaries of election districts,50,91,Important,50,8,50,50,64,Somewhat comfortable,Somewhat comfortable,Somewhat comfortable,Somewhat unlikely,Democrat,The governor took action to pursue a specific policy outcome.,NA,NA,NA,NA,100,50,50,91,NA,NA,NA,NA,164679906AE8406A830DB3F47BEAB4D8,019de998-5034-751b-b9d4-da2aaabd140d,019de1ab-afed-72b0-99bf-23a6aa89592d,1,0.465,0.505,0.995,Mehlhaff,InParty,Policy,Democratic,Republican,Democrat,Republican,Democratic,Democrat,redistrict,1,32,"Some college, but no degree",Female,I’d Rather Not Say,Single,Prefer not to say,"No, not of Hispanic, Latino, or Spanish origin",Woman,United States,"Less than $10,000",Chinese,Prefer not to say
"Yes, I consent to participate.",Democrat,NA,Not Very Strong,NA,Yes,No,Restructuring the state’s highest court to favor the party in power,25,50,Very important,50,75,70,95,64,Neither comfortable nor uncomfortable,Comfortable,Very comfortable,Very unlikely,Republican,The governor took action in an effort to reshape democratic norms and institutions.,NA,NA,NA,NA,95,50,62,99,NA,NA,NA,NA,60FD9FAA02D7423FA95714B6B0B5A57B,019de998-0aa4-7f08-be4c-c44e2d1de445,019de1ab-afed-72b0-99bf-23a6aa89592d,1,0.465,0.505,0.995,Mehlhaff,OutParty,Democracy,Democratic,Republican,Democrat,Republican,Republican,Republican,courts,1,34,"Bachelor's degree (for example: BA, AB, BS)",Male,I’d Rather Not Say,Single,Democrat,"Yes, Mexican, Mexican Am., Chicano",Man,United States,"$70,000-$79,999",White,Full-time
"Yes, I consent to participate.",Republican,NA,Strong,NA,Yes,Yes,Restructuring the state’s highest court to favor the party in power,61,10,Important,86,90,45,33,64,Somewhat uncomfortable,Neither comfortable nor uncomfortable,Somewhat comfortable,Very unlikely,Democrat,The governor took action in an effort to reshape democratic norms and institutions.,NA,NA,NA,NA,98,61,46,99,NA,NA,NA,NA,D658674D9B724AD996EAD62AB913A30D,019de997-7392-7396-b7db-899d18ce7554,019de1ab-afed-72b0-99bf-23a6aa89592d,1,0.465,0.505,0.995,Mehlhaff,OutParty,Electoral,Republican,Democratic,Republican,Democrat,Democratic,Democrat,courts,1,40,"Bachelor's degree (for example: BA, AB, BS)",Male,Hospitality & Tourism,Married,Independent,"No, not of Hispanic, Latino, or Spanish origin",Man,United States,"$100,000-$124,999",Black or African American,Full-time
"Yes, I consent to participate.",Independent,NA,NA,Closer to Democratic Party,Yes,No,Prosecuting journalists for unfair news coverage,18,66,Important,83,17,22,35,66,Comfortable,Somewhat uncomfortable,Neither comfortable nor uncomfortable,Neither likely nor unlikely,Republican,The governor took action in an effort to reshape democratic norms and institutions.,NA,NA,NA,NA,37,33,10,75,NA,NA,NA,NA,6C739508770441DCBADD97B2C1E6CA91,019de998-6bee-7b64-ad12-e99e18d7011b,019de1ab-afed-72b0-99bf-23a6aa89592d,1,0.465,0.505,0.995,OW,Control,Policy,Democratic,Republican,Democrat,Republican,NA,NA,media,3,36,"Some college, but no degree",Female,Other,Married,Democrat,"No, not of Hispanic, Latino, or Spanish origin",Woman,United States,"$40,000-$49,999",Black or African American,Full-time
"Yes, I consent to participate.",Republican,NA,Not Very Strong,NA,Yes,No,Prosecuting journalists for unfair news coverage,66,3,Important,81,75,50,99,64,Uncomfortable,Somewhat uncomfortable,Neither comfortable nor uncomfortable,Neither likely nor unlikely,Not specified,The governor took action to pursue a specific policy outcome.,NA,NA,NA,NA,82,75,50,99,NA,NA,NA,NA,D5DE0F46EEF341A383C94F3271F02925,019de998-866a-7981-accc-be848b542ed5,019de1ab-afed-72b0-99bf-23a6aa89592d,1,0.465,0.505,0.995,OW,Control,Policy,Republican,Democratic,Republican,Democrat,NA,NA,media,1,60,"Bachelor's degree (for example: BA, AB, BS)",Male,"Science, Technology, Engineering & Mathematics",Married,Republican,"No, not of Hispanic, Latino, or Spanish origin",Man,United States,"$50,000-$59,999",White,Part-time
"Yes, I consent to participate.",Republican,NA,Not Very Strong,NA,Yes,No,Prosecuting journalists for unfair news coverage,80,20,Important,40,10,80,75,64,Somewhat uncomfortable,Very Comfortable,Comfortable,Somewhat likely,Not specified,The governor took action to pursue a specific policy outcome.,NA,NA,NA,NA,75,24,85,95,NA,NA,NA,NA,7DC65AC76B9B4F98A50C562D0866969E,019de997-6327-7527-afe6-42dc80775016,019de1ab-afed-72b0-99bf-23a6aa89592d,1,0.465,0.505,0.995,OW,Control,Democracy,Republican,Democratic,Republican,Democrat,NA,NA,media,1,71,"Some college, but no degree",Female,Retired,Divorced,Republican,"No, not of Hispanic, Latino, or Spanish origin",Woman,United States,"$20,000-$29,999",White,Retired
"Yes, I consent to participate.",Republican,NA,Strong,NA,No,No,Restructuring the state’s highest court to favor the party in power,100,0,Neither important nor unimportant,75,20,85,74,64,Very uncomfortable,Very uncomfortable,Very uncomfortable,Very unlikely,Democrat,The governor took action to gain an electoral advantage or to respond to similar actions taken by the other party in the past.,84,21,35,71,NA,NA,NA,NA,NA,NA,NA,NA,7694FFAEE26C4CCCA60878E6CF5C72C1,019de999-511d-706b-823c-223c265ddae1,019de1ab-afed-72b0-99bf-23a6aa89592d,1,0.465,0.505,0.995,Mehlhaff,OutParty,Democracy,Republican,Democratic,Republican,Democrat,Democratic,Democrat,courts,0,60,High school graduate - high school diploma or the equivalent (for example: GED),Female,Retail,Married,Republican,"No, not of Hispanic, Latino, or Spanish origin",Woman,United States,"$40,000-$49,999",White,Full-time
"Yes, I consent to participate.",Other party (please specify),democratic socialist,NA,Neither,Yes,No,Restructuring the state’s highest court to favor the party in power,0,6,Very important,61,97,56,50,64,Neither comfortable nor uncomfortable,Neither comfortable nor uncomfortable,Neither comfortable nor uncomfortable,Somewhat unlikely,Democrat,The governor took action in an effort to reshape democratic norms and institutions.,NA,NA,NA,NA,100,100,55,90,NA,NA,NA,NA,A70D634B746143A6A85C9439962184D4,019de998-3c92-7350-b3eb-6e84230de66f,019de1ab-afed-72b0-99bf-23a6aa89592d,1,0.465,0.505,0.995,OW,OutParty,Policy,Republican,Democratic,Republican,Democrat,Democratic,Democrat,courts,2,58,"Bachelor's degree (for example: BA, AB, BS)",Female,Education & Training,In a relationship,Something else,"No, not of Hispanic, Latino, or Spanish origin",Woman,United States,"$40,000-$49,999",An ethnicity not listed here,Full-time
"Yes, I consent to participate.",Democrat,NA,Not Very Strong,NA,No,No,Restructuring the state’s highest court to favor the party in power,5,61,Very important,75,31,40,80,64,Neither comfortable nor uncomfortable,Somewhat comfortable,Comfortable,Very unlikely,Not specified,The governor took action in an effort to reshape democratic norms and institutions.,NA,NA,NA,NA,70,40,50,80,NA,NA,NA,NA,C94FA161A5EB494882B71FA4C8E64308,019de999-785e-715b-87be-7e037fe6b75d,019de1ab-afed-72b0-99bf-23a6aa89592d,1,0.465,0.505,0.995,Mehlhaff,OutParty,Democracy,Democratic,Republican,Democrat,Republican,Republican,Republican,courts,2,46,High school graduate - high school diploma or the equivalent (for example: GED),Male,Information Technology,Single,Democrat,"Yes, Mexican, Mexican Am., Chicano",Man,United States,"$10,000-$19,999",White,Part-time
"Yes, I consent to participate.",Democrat,NA,Strong,NA,Yes,No,Restructuring the state’s highest court to favor the party in power,0,80,Important,96,10,23,65,64,Uncomfortable,Comfortable,Comfortable,Likely,Republican,The governor took action in an effort to reshape democratic norms and institutions.,NA,NA,NA,NA,100,0,38,93,NA,NA,NA,NA,8DDA35523A2B4E7A94A4C8194994E23C,019de999-21b4-7f1c-9c92-71005db2913e,019de1ab-afed-72b0-99bf-23a6aa89592d,1,0.465,0.505,0.995,Mehlhaff,Control,Electoral,Democratic,Republican,Democrat,Republican,NA,NA,courts,2,46,"Some college, but no degree",Female,Other,In a relationship,Democrat,"Yes, Mexican, Mexican Am., Chicano",Woman,United States,"$60,000-$69,999",White,Full-time
"Yes, I consent to participate.",Democrat,NA,Not Very Strong,NA,Yes,No,Restructuring the state’s highest court to favor the party in power,40,40,Very important,72,30,75,60,64,Neither comfortable nor uncomfortable,Comfortable,Neither comfortable nor uncomfortable,Somewhat unlikely,Republican,The governor took action in an effort to reshape democratic norms and institutions.,NA,NA,NA,NA,100,30,75,90,NA,NA,NA,NA,76555D591C8B42DEA182443FD845CD8D,019de998-9590-7044-90bd-502cd5aad404,019de1ab-afed-72b0-99bf-23a6aa89592d,1,0.465,0.505,0.995,OW,OutParty,Policy,Democratic,Republican,Democrat,Republican,Republican,Republican,courts,3,35,"Some college, but no degree",Male,Other,In a relationship,Democrat,"No, not of Hispanic, Latino, or Spanish origin",Man,United States,"$10,000-$19,999",An ethnicity not listed here,Unemployed
"Yes, I consent to participate.",Democrat,NA,Strong,NA,Yes,No,Manipulating geographic boundaries of election districts,10,90,Very important,70,30,50,50,64,Very uncomfortable,Very uncomfortable,Uncomfortable,Very unlikely,Republican,The governor took action to gain an electoral advantage or to respond to similar actions taken by the other party in the past.,NA,NA,NA,NA,90,30,50,90,NA,NA,NA,NA,88678D4ECF1E4036AFF9B36C88234BDE,019de997-5376-7d67-83b5-4a65268d2a71,019de1ab-afed-72b0-99bf-23a6aa89592d,1,0.465,0.505,0.995,Mehlhaff,OutParty,Policy,Democratic,Republican,Democrat,Republican,Republican,Republican,redistrict,2,60,"Master's degree (for example: MA, MS, MEng, MEd, MSW, MBA)",Male,Information Technology,Married,Democrat,"Yes, Mexican, Mexican Am., Chicano",Man,United States,"$175,000-$199,999",An ethnicity not listed here,Full-time
"Yes, I consent to participate.",Independent,NA,NA,Closer to Democratic Party,Yes,Yes,Restructuring the state’s highest court to favor the party in power,46,54,Important,50,23,38,58,64,Neither comfortable nor uncomfortable,Neither comfortable nor uncomfortable,Somewhat uncomfortable,Somewhat likely,Democrat,The governor took action to gain an electoral advantage or to respond to similar actions taken by the other party in the past.,46,18,31,66,NA,NA,NA,NA,NA,NA,NA,NA,AD2212484BD249EB87CEEB3282C4FFFD,019de997-4fa2-7f78-a8bd-606767d8a385,019de1ab-afed-72b0-99bf-23a6aa89592d,1,0.465,0.505,0.995,OW,InParty,Democracy,Democratic,Republican,Democrat,Republican,Democratic,Democrat,courts,0,32,"Some college, but no degree",Male,Architecture and Construction,In a civil union/partnership,Independent,"Yes, Mexican, Mexican Am., Chicano",Man,United States,"$40,000-$49,999",White,Full-time
"Yes, I consent to participate.",Independent,NA,NA,Neither,Yes,Yes,Prosecuting journalists for unfair news coverage,39,56,Important,65,36,67,50,64,Somewhat uncomfortable,Somewhat uncomfortable,Somewhat uncomfortable,Somewhat likely,Democrat,The governor took action to gain an electoral advantage or to respond to similar actions taken by the other party in the past.,61,40,62,59,NA,NA,NA,NA,NA,NA,NA,NA,A80B1E4F00AF48FCBF78C54040FAD5C7,019de99b-2c7f-7ed7-b59d-72fa6d338c6c,019de1ab-afed-72b0-99bf-23a6aa89592d,1,0.465,0.505,0.995,OW,InParty,Policy,Democratic,Republican,Democrat,Republican,Democratic,Democrat,media,0,26,High school graduate - high school diploma or the equivalent (for example: GED),Female,Other,In a relationship,Independent,"No, not of Hispanic, Latino, or Spanish origin",Woman,United States,"$30,000-$39,999",Black or African American,Full-time
"Yes, I consent to participate.",Democrat,NA,Strong,NA,Yes,No,Manipulating geographic boundaries of election districts,3,61,Very important,60,42,54,56,64,Somewhat uncomfortable,Somewhat uncomfortable,Somewhat uncomfortable,Very unlikely,Republican,The governor took action to gain an electoral advantage or to respond to similar actions taken by the other party in the past.,NA,NA,NA,NA,96,45,52,99,NA,NA,NA,NA,E550F88BE6CE4D0894E8A7A0F2817EAD,019de99a-127a-7e44-a29c-13f8749f1a11,019de1ab-afed-72b0-99bf-23a6aa89592d,1,0.465,0.505,0.995,OW,OutParty,Electoral,Democratic,Republican,Democrat,Republican,Republican,Republican,redistrict,1,45,"Bachelor's degree (for example: BA, AB, BS)",Male,Retail,In a relationship,Democrat,"No, not of Hispanic, Latino, or Spanish origin",Man,United States,"$50,000-$59,999",Chinese,Full-time
"Yes, I consent to participate.",Independent,NA,NA,Neither,Yes,No,Restructuring the state’s highest court to favor the party in power,30,30,Important,72,26,31,59,64,Somewhat uncomfortable,Neither comfortable nor uncomfortable,Somewhat uncomfortable,Somewhat likely,Democrat,The governor took action to gain an electoral advantage or to respond to similar actions taken by the other party in the past.,NA,NA,NA,NA,68,30,25,39,NA,NA,NA,NA,C438A6BF20F74BEDA877721BD78910D8,019de998-a8df-7e3f-b37d-0de78df7b6da,019de1ab-afed-72b0-99bf-23a6aa89592d,1,0.465,0.505,0.995,OW,InParty,Democracy,Democratic,Republican,Democrat,Republican,Democratic,Democrat,courts,1,24,"Associate degree (for example: AA, AS)",Female,Education & Training,Married,Prefer not to say,"No, not of Hispanic, Latino, or Spanish origin",Woman,United States,"$20,000-$29,999",Asian Indian,"Not in paid work (e.g., homemaker, disabled)"
"Yes, I consent to participate.",Republican,NA,Strong,NA,No,No,Directing law enforcement to investigate politicians of the opposing party,80,0,Somewhat important,89,81,29,100,64,Very uncomfortable,Very uncomfortable,Very uncomfortable,Very unlikely,Democrat,The governor took action to pursue a specific policy outcome.,NA,NA,NA,NA,81,62,67,90,NA,NA,NA,NA,DC63283306B34D168E0B81039A75DD95,019de999-de53-76eb-9645-d0e51571ac1b,019de1ab-afed-72b0-99bf-23a6aa89592d,1,0.465,0.505,0.995,Mehlhaff,OutParty,Democracy,Republican,Democratic,Republican,Democrat,Democratic,Democrat,investigate,1,71,"Bachelor's degree (for example: BA, AB, BS)",Female,Marketing and Sales,Married,Independent,"No, not of Hispanic, Latino, or Spanish origin",Woman,United States,"$100,000-$124,999",White,Part-time
"Yes, I consent to participate.",Democrat,NA,Not Very Strong,NA,No,No,Banning political rallies,10,90,Very important,70,30,50,50,64,Somewhat uncomfortable,Somewhat uncomfortable,Uncomfortable,Unlikely,Republican,The governor took action to gain an electoral advantage or to respond to similar actions taken by the other party in the past.,70,30,50,50,NA,NA,NA,NA,NA,NA,NA,NA,562B45AE27314DDE9544A0E2A85C6F32,019de99a-56fc-7c82-baeb-4d6012912fd7,019de1ab-afed-72b0-99bf-23a6aa89592d,1,0.465,0.505,0.995,OW,OutParty,Electoral,Democratic,Republican,Democrat,Republican,Republican,Republican,rallies,0,37,"Bachelor's degree (for example: BA, AB, BS)",Female,Medicine,In a relationship,Democrat,"No, not of Hispanic, Latino, or Spanish origin",Woman,United States,"$150,000-$174,999",Filipino,Full-time
"Yes, I consent to participate.",Democrat,NA,Strong,NA,Yes,No,Manipulating geographic boundaries of election districts,0,50,Very important,100,40,90,86,64,Very uncomfortable,Very uncomfortable,Somewhat uncomfortable,Neither likely nor unlikely,Not specified,The governor took action to pursue a specific policy outcome.,NA,NA,NA,NA,100,40,90,95,NA,NA,NA,NA,8DBE442A36DD44648908CCF06EE4F3B3,019de99a-2242-7f6d-ad6c-c254bf98d192,019de1ab-afed-72b0-99bf-23a6aa89592d,1,0.465,0.505,0.995,Mehlhaff,Control,Democracy,Democratic,Republican,Democrat,Republican,NA,NA,redistrict,1,65,"Some college, but no degree",Male,Other,Divorced,Democrat,"No, not of Hispanic, Latino, or Spanish origin",Man,United States,"$20,000-$29,999",White,"Not in paid work (e.g., homemaker, disabled)"
"Yes, I consent to participate.",Republican,NA,Not Very Strong,NA,Yes,No,Manipulating geographic boundaries of election districts,92,6,Very important,58,41,52,69,64,Somewhat uncomfortable,Neither comfortable nor uncomfortable,Neither comfortable nor uncomfortable,Unlikely,Democrat,The governor took action to gain an electoral advantage or to respond to similar actions taken by the other party in the past.,NA,NA,NA,NA,95,47,51,93,NA,NA,NA,NA,EE5B6ECBD0AB4F448E473BAE04F4D322,019de99a-2409-7573-980c-71065f8ebb32,019de1ab-afed-72b0-99bf-23a6aa89592d,1,0.465,0.505,0.995,OW,Control,Democracy,Republican,Democratic,Republican,Democrat,NA,NA,redistrict,2,66,"Associate degree (for example: AA, AS)",Male,Retired,Married,Independent,"No, not of Hispanic, Latino, or Spanish origin",Man,United States,"$30,000-$39,999",White,Retired
"Yes, I consent to participate.",Democrat,NA,Not Very Strong,NA,Yes,No,Restructuring the state’s highest court to favor the party in power,35,65,Very important,40,19,50,100,64,Somewhat comfortable,Comfortable,Comfortable,Very unlikely,Republican,The governor took action in an effort to reshape democratic norms and institutions.,41,19,50,100,NA,NA,NA,NA,NA,NA,NA,NA,A04D95DEA6604EE98CF27F20FD2D620F,019de999-1c7f-70af-aba4-b9f5a3f5f894,019de1ab-afed-72b0-99bf-23a6aa89592d,1,0.465,0.505,0.995,OW,OutParty,Policy,Democratic,Republican,Democrat,Republican,Republican,Republican,courts,0,68,"Bachelor's degree (for example: BA, AB, BS)",Female,Information Technology,Divorced,Democrat,"No, not of Hispanic, Latino, or Spanish origin",Woman,United States,"$90,000-$99,999",White,Full-time
"Yes, I consent to participate.",No preference,NA,NA,Neither,No,No,Directing law enforcement to investigate politicians of the opposing party,63,50,Unimportant,89,17,64,50,64,Very comfortable,Very Comfortable,Very comfortable,Neither likely nor unlikely,Republican,The governor took action in an effort to reshape democratic norms and institutions.,87,27,66,39,NA,NA,NA,NA,NA,NA,NA,NA,F12480E190274A03B8329582AEF101D9,019de99b-2d41-72d3-9bcd-7097814bf8cb,019de1ab-afed-72b0-99bf-23a6aa89592d,1,0.465,0.505,0.995,OW,InParty,Democracy,Republican,Democratic,Republican,Democrat,Republican,Republican,investigate,0,35,"Some college, but no degree",Female,Other,Married,Independent,"No, not of Hispanic, Latino, or Spanish origin",Woman,United States,"$70,000-$79,999",Black or African American,"Not in paid work (e.g., homemaker, disabled)"
"Yes, I consent to participate.",Independent,NA,NA,Neither,No,No,Restructuring the state’s highest court to favor the party in power,60,30,Neither important nor unimportant,61,30,81,40,64,Neither comfortable nor uncomfortable,Neither comfortable nor uncomfortable,Neither comfortable nor uncomfortable,Neither likely nor unlikely,Republican,The governor took action to pursue a specific policy outcome.,NA,NA,NA,NA,100,10,100,0,NA,NA,NA,NA,252B2F2D24A94622BF6DCB43460DFDC7,019de99b-dce6-77f5-a6e0-73b162b24335,019de1ab-afed-72b0-99bf-23a6aa89592d,1,0.465,0.505,0.995,OW,OutParty,Policy,Republican,Democratic,Republican,Democrat,Democratic,Democrat,courts,2,35,"Some college, but no degree",Female,Education & Training,Married,Independent,"Yes, Puerto Rican",Woman,United States,"$30,000-$39,999",White,Part-time
"Yes, I consent to participate.",Independent,NA,NA,Closer to Republican Party,No,No,Banning political rallies,7,0,Very important,37,4,44,0,64,Neither comfortable nor uncomfortable,Very uncomfortable,Comfortable,Neither likely nor unlikely,Not specified,The governor took action to gain an electoral advantage or to respond to similar actions taken by the other party in the past.,NA,NA,NA,NA,100,10,23,30,NA,NA,NA,NA,8629D06659DE40C28BECB6CC28781A86,019de997-199d-791f-a5b4-546cb1826277,019de1ab-afed-72b0-99bf-23a6aa89592d,1,0.465,0.505,0.995,OW,Control,Policy,Republican,Democratic,Republican,Democrat,NA,NA,rallies,3,64,"Bachelor's degree (for example: BA, AB, BS)",Female,Information Technology,Married,Independent,"No, not of Hispanic, Latino, or Spanish origin",Woman,United States,"$50,000-$59,999",White,Full-time
"Yes, I consent to participate.",Independent,NA,NA,Closer to Democratic Party,Yes,Yes,Prosecuting journalists for unfair news coverage,50,50,Very important,77,0,0,100,64,Very uncomfortable,Very uncomfortable,Very uncomfortable,Very unlikely,Democrat,The governor took action in an effort to reshape democratic norms and institutions.,NA,NA,NA,NA,100,0,0,100,NA,NA,NA,NA,0F6CE6CC10AD48C78217B1E882B9494D,019de999-abcb-7182-8d64-fcad8839aa14,019de1ab-afed-72b0-99bf-23a6aa89592d,1,0.465,0.505,0.995,OW,InParty,Democracy,Democratic,Republican,Democrat,Republican,Democratic,Democrat,media,3,35,"Bachelor's degree (for example: BA, AB, BS)",Female,Social Sciences,Single,Democrat,"No, not of Hispanic, Latino, or Spanish origin",Woman,United States,"$20,000-$29,999",An ethnicity not listed here,Full-time
"Yes, I consent to participate.",Democrat,NA,Strong,NA,No,No,Restructuring the state’s highest court to favor the party in power,3,90,Important,70,0,10,50,64,Somewhat uncomfortable,Somewhat uncomfortable,Neither comfortable nor uncomfortable,Unlikely,Republican,The governor took action in an effort to reshape democratic norms and institutions.,NA,NA,NA,NA,100,50,53,100,NA,NA,NA,NA,BB217BA2F37E4035A2E869FF99532A54,019de99a-5049-7e71-bad7-7ae6434459f9,019de1ab-afed-72b0-99bf-23a6aa89592d,1,0.465,0.505,0.995,Mehlhaff,OutParty,Electoral,Democratic,Republican,Democrat,Republican,Republican,Republican,courts,3,65,"Associate degree (for example: AA, AS)",Female,Information Technology,Married,Democrat,"No, not of Hispanic, Latino, or Spanish origin",Woman,United States,"$80,000-$89,999",White,Full-time
"Yes, I consent to participate.",Democrat,NA,Not Very Strong,NA,Yes,Yes,Directing law enforcement to investigate politicians of the opposing party,22,33,Very important,68,29,20,55,64,Neither comfortable nor uncomfortable,Comfortable,Comfortable,Likely,Not specified,The governor took action in an effort to reshape democratic norms and institutions.,NA,NA,NA,NA,100,51,18,100,NA,NA,NA,NA,30A264DBBF9F4CA3B0B1768B361B0F79,019de99c-1ebb-797c-a52d-59a51cf9670b,019de1ab-afed-72b0-99bf-23a6aa89592d,1,0.465,0.505,0.995,Mehlhaff,Control,Policy,Democratic,Republican,Democrat,Republican,NA,NA,investigate,2,43,"Bachelor's degree (for example: BA, AB, BS)",Male,Manufacturing,Single,Democrat,"Yes, Mexican, Mexican Am., Chicano",Man,United States,"$70,000-$79,999",An ethnicity not listed here,Full-time
"Yes, I consent to participate.",Independent,NA,NA,Closer to Republican Party,No,No,Prosecuting journalists for unfair news coverage,60,15,Somewhat unimportant,99,80,75,100,64,Uncomfortable,Neither comfortable nor uncomfortable,Neither comfortable nor uncomfortable,Likely,Not specified,The governor took action to pursue a specific policy outcome.,95,97,75,100,NA,NA,NA,NA,NA,NA,NA,NA,0B8D09A73ED140CF84C5320DAE27F350,019de999-a4e3-7270-87ed-f159c61980ff,019de1ab-afed-72b0-99bf-23a6aa89592d,1,0.465,0.505,0.995,OW,InParty,Electoral,Republican,Democratic,Republican,Democrat,Republican,Republican,media,0,67,"Bachelor's degree (for example: BA, AB, BS)",Male,Retired,Single,Independent,"No, not of Hispanic, Latino, or Spanish origin",Man,United States,"$10,000-$19,999",White,Retired
"Yes, I consent to participate.",Independent,NA,NA,Closer to Democratic Party,No,No,Restructuring the state’s highest court to favor the party in power,0,88,Very important,86,12,75,87,64,Very uncomfortable,Uncomfortable,Very uncomfortable,Very unlikely,Republican,The governor took action to pursue a specific policy outcome.,NA,NA,NA,NA,55,17,19,78,NA,NA,NA,NA,D9DC896600EA41319F145CB2A39C27F9,019de99d-73ec-73b2-92ac-040d4edde731,019de1ab-afed-72b0-99bf-23a6aa89592d,1,0.465,0.505,0.995,Mehlhaff,OutParty,Policy,Democratic,Republican,Democrat,Republican,Republican,Republican,courts,2,28,High school graduate - high school diploma or the equivalent (for example: GED),Female,I’d Rather Not Say,Single,Democrat,"No, not of Hispanic, Latino, or Spanish origin",Woman,United States,"$20,000-$29,999",Black or African American,Full-time
"Yes, I consent to participate.",Democrat,NA,Not Very Strong,NA,Unsure,No,Manipulating geographic boundaries of election districts,10,82,Important,75,20,31,65,64,Somewhat comfortable,Somewhat comfortable,Comfortable,Somewhat likely,Not specified,The governor took action in an effort to reshape democratic norms and institutions.,NA,NA,NA,NA,86,46,60,96,NA,NA,NA,NA,777B74E8D0864932B0D4CDDE7E8D5E64,019de99d-2153-7387-90f9-01f68fb3b1a9,019de1ab-afed-72b0-99bf-23a6aa89592d,1,0.465,0.505,0.995,Mehlhaff,Control,Democracy,Democratic,Republican,Democrat,Republican,NA,NA,redistrict,1,21,"Some college, but no degree",Female,"Science, Technology, Engineering & Mathematics",In a relationship,Democrat,"Yes, Mexican, Mexican Am., Chicano",Woman,United States,"$150,000-$174,999",White,Part-time
"Yes, I consent to participate.",Democrat,NA,Strong,NA,Yes,No,Manipulating geographic boundaries of election districts,0,100,Very important,97,19,23,26,64,Uncomfortable,Somewhat uncomfortable,Somewhat uncomfortable,Very unlikely,Republican,The governor took action in an effort to reshape democratic norms and institutions.,NA,NA,NA,NA,100,0,14,97,NA,NA,NA,NA,85C92CDBAC71452684E2566DAB6C7342,019de99b-c901-74a3-8e5c-76f326743a04,019de1ab-afed-72b0-99bf-23a6aa89592d,1,0.465,0.505,0.995,Mehlhaff,OutParty,Electoral,Democratic,Republican,Democrat,Republican,Republican,Republican,redistrict,2,65,"Associate degree (for example: AA, AS)",Female,Medicine,Divorced,Democrat,"No, not of Hispanic, Latino, or Spanish origin",Woman,United States,"$30,000-$39,999",White,Full-time
"Yes, I consent to participate.",Independent,NA,NA,Neither,Yes,Yes,Restructuring the state’s highest court to favor the party in power,34,42,Important,66,43,80,94,64,Comfortable,Comfortable,Somewhat comfortable,Neither likely nor unlikely,Not specified,The governor took action to gain an electoral advantage or to respond to similar actions taken by the other party in the past.,76,65,84,95,NA,NA,NA,NA,NA,NA,NA,NA,D3A4E7E39B124706919E83F681F45BCE,019de99f-4438-7625-93be-29ce24bd9ef1,019de1ab-afed-72b0-99bf-23a6aa89592d,1,0.465,0.505,0.995,Mehlhaff,OutParty,Democracy,Republican,Democratic,Republican,Democrat,Democratic,Democrat,courts,0,18,Prefer not to say,Male,Other,In a relationship,Something else,"No, not of Hispanic, Latino, or Spanish origin",Man,United States,"Less than $10,000",Chinese,Student
"Yes, I consent to participate.",Independent,NA,NA,Neither,Yes,No,Directing law enforcement to investigate politicians of the opposing party,75,66,Very important,65,92,100,60,64,Comfortable,Comfortable,Comfortable,Neither likely nor unlikely,Democrat,The governor took action to gain an electoral advantage or to respond to similar actions taken by the other party in the past.,NA,NA,NA,NA,100,100,100,65,NA,NA,NA,NA,9BB066BAC8824CF7AD32B1B5DB2AAE7D,019de997-a019-7a0a-8331-a9769a696a68,019de1ab-afed-72b0-99bf-23a6aa89592d,1,0.465,0.505,0.995,OW,InParty,Democracy,Democratic,Republican,Democrat,Republican,Democratic,Democrat,investigate,1,46,"Bachelor's degree (for example: BA, AB, BS)",Male,Information Technology,Married,Prefer not to say,"No, not of Hispanic, Latino, or Spanish origin",Man,United States,"$100,000-$124,999",Black or African American,Full-time
"Yes, I consent to participate.",Democrat,NA,Not Very Strong,NA,No,No,Restructuring the state’s highest court to favor the party in power,15,34,Somewhat important,63,30,20,65,64,Somewhat comfortable,Comfortable,Comfortable,Neither likely nor unlikely,Democrat,The governor took action to gain an electoral advantage or to respond to similar actions taken by the other party in the past.,NA,NA,NA,NA,82,30,41,80,NA,NA,NA,NA,25FFB24F61EC41D4920BB2BA3DF4CD78,019de99a-0b1c-79e9-9ed4-05d490d375af,019de1ab-afed-72b0-99bf-23a6aa89592d,1,0.465,0.505,0.995,OW,InParty,Electoral,Democratic,Republican,Democrat,Republican,Democratic,Democrat,courts,1,66,"Master's degree (for example: MA, MS, MEng, MEd, MSW, MBA)",Female,Other,Married,Independent,"No, not of Hispanic, Latino, or Spanish origin",Woman,United States,"$90,000-$99,999",White,Retired
"Yes, I consent to participate.",No preference,NA,NA,Neither,Yes,No,Manipulating geographic boundaries of election districts,0,0,Somewhat important,72,0,10,50,100,Neither comfortable nor uncomfortable,Neither comfortable nor uncomfortable,Neither comfortable nor uncomfortable,Neither likely nor unlikely,Democrat,The governor took action to gain an electoral advantage or to respond to similar actions taken by the other party in the past.,NA,NA,NA,NA,82,0,0,50,NA,NA,NA,NA,76A2D345CE77419AA375845D5EA63A2F,019de99a-6569-7749-a3da-43d760ab902d,019de1ab-afed-72b0-99bf-23a6aa89592d,1,0.465,0.505,0.995,OW,InParty,Electoral,Democratic,Republican,Democrat,Republican,Democratic,Democrat,redistrict,1,32,"Some college, but no degree",Female,I’d Rather Not Say,Single,Prefer not to say,"No, not of Hispanic, Latino, or Spanish origin",Woman,United States,"$100,000-$124,999",Black or African American,Prefer not to say
"Yes, I consent to participate.",Republican,NA,Strong,NA,No,No,Directing law enforcement to investigate politicians of the opposing party,92,9,Somewhat important,60,68,81,82,64,Somewhat uncomfortable,Somewhat uncomfortable,Somewhat uncomfortable,Somewhat likely,Not specified,The governor took action to pursue a specific policy outcome.,70,64,70,90,NA,NA,NA,NA,NA,NA,NA,NA,DA8B15BC54254E0FBD50D7B01A50DBE8,019de99a-81a5-705e-9bca-5c5e0c32e9ed,019de1ab-afed-72b0-99bf-23a6aa89592d,1,0.465,0.505,0.995,Mehlhaff,Control,Democracy,Republican,Democratic,Republican,Democrat,NA,NA,investigate,0,75,"Master's degree (for example: MA, MS, MEng, MEd, MSW, MBA)",Male,Other,Married,Republican,"No, not of Hispanic, Latino, or Spanish origin",Man,United States,"$60,000-$69,999",White,Part-time
"Yes, I consent to participate.",Democrat,NA,Not Very Strong,NA,No,No,Manipulating geographic boundaries of election districts,0,90,Very important,20,40,55,80,64,Uncomfortable,Somewhat uncomfortable,Neither comfortable nor uncomfortable,Very unlikely,Republican,The governor took action to gain an electoral advantage or to respond to similar actions taken by the other party in the past.,20,40,55,80,NA,NA,NA,NA,NA,NA,NA,NA,080C25F037B24973B21CDB7E76851B09,019de99c-c274-7ad8-a565-a27fea2c30de,019de1ab-afed-72b0-99bf-23a6aa89592d,1,0.465,0.505,0.995,OW,OutParty,Policy,Democratic,Republican,Democrat,Republican,Republican,Republican,redistrict,0,70,"Associate degree (for example: AA, AS)",Female,Retired,Married,Democrat,"No, not of Hispanic, Latino, or Spanish origin",Woman,United States,"$50,000-$59,999",White,Retired
"Yes, I consent to participate.",Democrat,NA,Strong,NA,Yes,No,Manipulating geographic boundaries of election districts,33,92,Very important,100,0,0,100,64,Very comfortable,Very Comfortable,Very comfortable,Very likely,Democrat,The governor took action to gain an electoral advantage or to respond to similar actions taken by the other party in the past.,90,10,0,95,NA,NA,NA,NA,NA,NA,NA,NA,028687F82CEF4E15B1B596ED0A8BD7A1,019de99d-0e22-7b07-96f6-735ebb747e13,019de1ab-afed-72b0-99bf-23a6aa89592d,1,0.465,0.505,0.995,OW,InParty,Democracy,Democratic,Republican,Democrat,Republican,Democratic,Democrat,redistrict,0,56,"Bachelor's degree (for example: BA, AB, BS)",Female,Hospitality & Tourism,Single,Democrat,"No, not of Hispanic, Latino, or Spanish origin",Woman,United States,"$30,000-$39,999",Black or African American,"Not in paid work (e.g., homemaker, disabled)"
"Yes, I consent to participate.",Democrat,NA,Strong,NA,No,No,Manipulating geographic boundaries of election districts,17,85,Somewhat important,64,36,25,56,64,Somewhat comfortable,Comfortable,Neither comfortable nor uncomfortable,Unlikely,Republican,The governor took action to gain an electoral advantage or to respond to similar actions taken by the other party in the past.,NA,NA,NA,NA,80,60,42,62,NA,NA,NA,NA,015655F1B519404DBD2B8E96FC328054,019de998-a85a-7c64-b785-46b52678d0e4,019de1ab-afed-72b0-99bf-23a6aa89592d,1,0.465,0.505,0.995,Mehlhaff,OutParty,Electoral,Democratic,Republican,Democrat,Republican,Republican,Republican,redistrict,2,72,"Some college, but no degree",Female,Medicine,Widowed,Democrat,"No, not of Hispanic, Latino, or Spanish origin",Woman,United States,"$30,000-$39,999",Black or African American,Retired
"Yes, I consent to participate.",Democrat,NA,Strong,NA,Yes,No,Restructuring the state’s highest court to favor the party in power,1,80,Very important,80,50,15,0,64,Somewhat uncomfortable,Somewhat uncomfortable,Uncomfortable,Very likely,Democrat,The governor took action to gain an electoral advantage or to respond to similar actions taken by the other party in the past.,NA,NA,NA,NA,100,29,15,22,NA,NA,NA,NA,7A335C41F7094ACCB109D7088BB721E2,019de999-30a7-74b0-9fbc-e2b494f8b7fa,019de1ab-afed-72b0-99bf-23a6aa89592d,1,0.465,0.505,0.995,Mehlhaff,InParty,Electoral,Democratic,Republican,Democrat,Republican,Democratic,Democrat,courts,3,67,"Some college, but no degree",Male,Business Management & Administration,Widowed,Independent,"No, not of Hispanic, Latino, or Spanish origin",Man,United States,"$20,000-$29,999",White,"Not in paid work (e.g., homemaker, disabled)"
"Yes, I consent to participate.",Democrat,NA,Strong,NA,Yes,No,Manipulating geographic boundaries of election districts,0,10,Very important,50,20,40,50,64,Neither comfortable nor uncomfortable,Somewhat uncomfortable,Neither comfortable nor uncomfortable,Very unlikely,Republican,The governor took action in an effort to reshape democratic norms and institutions.,50,20,50,50,NA,NA,NA,NA,NA,NA,NA,NA,14790771352D4EACA720F0E454E1FD1B,019de99d-60d8-7887-a8c3-f5d4fd205398,019de1ab-afed-72b0-99bf-23a6aa89592d,1,0.465,0.505,0.995,Mehlhaff,OutParty,Electoral,Democratic,Republican,Democrat,Republican,Republican,Republican,redistrict,0,66,High school graduate - high school diploma or the equivalent (for example: GED),Male,Other,Single,Democrat,"No, not of Hispanic, Latino, or Spanish origin",Man,United States,"$20,000-$29,999",White,"Not in paid work (e.g., homemaker, disabled)"
"Yes, I consent to participate.",Republican,NA,Strong,NA,No,No,Directing law enforcement to investigate politicians of the opposing party,93,6,Somewhat important,18,67,94,50,64,Neither comfortable nor uncomfortable,Somewhat uncomfortable,Somewhat comfortable,Somewhat unlikely,Democrat,The governor took action to pursue a specific policy outcome.,NA,NA,NA,NA,26,64,50,69,NA,NA,NA,NA,97DCF6FFC1894B71BA8DF4B5475C61F4,019de997-4e8f-7cfe-82f9-4f3d73df11c6,019de1ab-afed-72b0-99bf-23a6aa89592d,1,0.465,0.505,0.995,OW,OutParty,Policy,Republican,Democratic,Republican,Democrat,Democratic,Democrat,investigate,2,69,"Bachelor's degree (for example: BA, AB, BS)",Male,Finance,Married,Republican,"No, not of Hispanic, Latino, or Spanish origin",Man,United States,"$60,000-$69,999",White,Full-time
"Yes, I consent to participate.",Democrat,NA,Strong,NA,Yes,No,Manipulating geographic boundaries of election districts,0,73,Important,20,50,16,64,64,Uncomfortable,Uncomfortable,Uncomfortable,Neither likely nor unlikely,Republican,The governor took action to gain an electoral advantage or to respond to similar actions taken by the other party in the past.,NA,NA,NA,NA,100,100,100,100,NA,NA,NA,NA,5288D183C78E4DDCBA02059BADACEE9F,019de99d-2165-79f8-80d9-ddb8f6a602b7,019de1ab-afed-72b0-99bf-23a6aa89592d,1,0.465,0.505,0.995,Mehlhaff,Control,Electoral,Democratic,Republican,Democrat,Republican,NA,NA,redistrict,2,39,"Bachelor's degree (for example: BA, AB, BS)",Female,Arts,Married,Democrat,"No, not of Hispanic, Latino, or Spanish origin",Woman,United States,"$90,000-$99,999",Chinese,Full-time
"Yes, I consent to participate.",Democrat,NA,Not Very Strong,NA,Yes,No,Manipulating geographic boundaries of election districts,0,53,Important,90,5,56,79,64,Very uncomfortable,Very uncomfortable,Very uncomfortable,Likely,Not specified,The governor took action to pursue a specific policy outcome.,89,2,61,70,NA,NA,NA,NA,NA,NA,NA,NA,FB46579E57DD4F8AA52E3B34324AFAC5,019de99d-fe00-7a6a-8289-d3e540fe1ef3,019de1ab-afed-72b0-99bf-23a6aa89592d,1,0.465,0.505,0.995,OW,Control,Democracy,Democratic,Republican,Democrat,Republican,NA,NA,redistrict,0,41,"Bachelor's degree (for example: BA, AB, BS)",Male,Other,Married,Democrat,"Yes, Mexican, Mexican Am., Chicano",Man,United States,"$80,000-$89,999",American Indian or Alaska Native,Full-time
"Yes, I consent to participate.",Democrat,NA,Not Very Strong,NA,Yes,No,Directing law enforcement to investigate politicians of the opposing party,42,55,Very important,0,17,35,9,64,Somewhat comfortable,Comfortable,Neither comfortable nor uncomfortable,Somewhat unlikely,Democrat,The governor took action to gain an electoral advantage or to respond to similar actions taken by the other party in the past.,0,24,35,12,NA,NA,NA,NA,NA,NA,NA,NA,1938D7A0E8B74512AC6DD8AEB952A725,019de99f-b36f-742a-b1d8-076c99fd73d8,019de1ab-afed-72b0-99bf-23a6aa89592d,1,0.465,0.505,0.995,OW,InParty,Policy,Democratic,Republican,Democrat,Republican,Democratic,Democrat,investigate,0,27,"Bachelor's degree (for example: BA, AB, BS)",Male,Education & Training,Single,Democrat,"No, not of Hispanic, Latino, or Spanish origin",Man,United States,"$40,000-$49,999",Chinese,Full-time
"Yes, I consent to participate.",Democrat,NA,Not Very Strong,NA,Yes,No,Manipulating geographic boundaries of election districts,20,96,Very important,10,20,90,85,100,Neither comfortable nor uncomfortable,Neither comfortable nor uncomfortable,Neither comfortable nor uncomfortable,Likely,Not specified,The governor took action in an effort to reshape democratic norms and institutions.,10,20,90,84,NA,NA,NA,NA,NA,NA,NA,NA,5CFF46D109FB4D2A9A15C879C8FCB16E,019de99c-2113-7403-9552-148e0f1b89fe,019de1ab-afed-72b0-99bf-23a6aa89592d,1,0.465,0.505,0.995,OW,Control,Policy,Democratic,Republican,Democrat,Republican,NA,NA,redistrict,0,37,High school graduate - high school diploma or the equivalent (for example: GED),Female,Other,In a relationship,Democrat,"No, not of Hispanic, Latino, or Spanish origin",Woman,United States,"$20,000-$29,999",Black or African American,Unemployed
"Yes, I consent to participate.",Republican,NA,Not Very Strong,NA,Yes,No,Manipulating geographic boundaries of election districts,71,31,Somewhat important,78,41,77,80,64,Somewhat comfortable,Somewhat comfortable,Somewhat comfortable,Somewhat unlikely,Republican,The governor took action in an effort to reshape democratic norms and institutions.,74,72,74,65,NA,NA,NA,NA,NA,NA,NA,NA,A96D339D0CB84E18B2DB791725EEA903,019de99e-329f-789d-8ef1-ebf061498a3f,019de1ab-afed-72b0-99bf-23a6aa89592d,1,0.465,0.505,0.995,Mehlhaff,InParty,Policy,Republican,Democratic,Republican,Democrat,Republican,Republican,redistrict,0,57,"Bachelor's degree (for example: BA, AB, BS)",Female,Other,Married,Prefer not to say,"No, not of Hispanic, Latino, or Spanish origin",Woman,United States,Prefer not to say,An ethnicity not listed here,Unemployed
"Yes, I consent to participate.",Democrat,NA,Strong,NA,No,No,Restructuring the state’s highest court to favor the party in power,0,100,Somewhat unimportant,20,60,10,15,64,Very uncomfortable,Very uncomfortable,Very uncomfortable,Somewhat unlikely,Not specified,The governor took action in an effort to reshape democratic norms and institutions.,NA,NA,NA,NA,99,50,7,98,NA,NA,NA,NA,6015E00C17CD4A7E9354C8798730B001,019de99d-8308-7cec-b44b-ab94f8bbb34c,019de1ab-afed-72b0-99bf-23a6aa89592d,1,0.465,0.505,0.995,Mehlhaff,Control,Democracy,Democratic,Republican,Democrat,Republican,NA,NA,courts,3,41,"Bachelor's degree (for example: BA, AB, BS)",Female,Information Technology,Single,Democrat,"No, not of Hispanic, Latino, or Spanish origin",Woman,United States,"$100,000-$124,999",Chinese,Full-time
"Yes, I consent to participate.",Democrat,NA,Not Very Strong,NA,Yes,Yes,Banning political rallies,32,72,Important,60,19,70,31,64,Neither comfortable nor uncomfortable,Somewhat comfortable,Neither comfortable nor uncomfortable,Somewhat unlikely,Republican,The governor took action to gain an electoral advantage or to respond to similar actions taken by the other party in the past.,63,26,71,44,NA,NA,NA,NA,NA,NA,NA,NA,B8C332A22CDC4490857B5A753E5CEFE5,019de99a-d21c-7f0f-b6db-1da3a3b89099,019de1ab-afed-72b0-99bf-23a6aa89592d,1,0.465,0.505,0.995,Mehlhaff,OutParty,Democracy,Democratic,Republican,Democrat,Republican,Republican,Republican,rallies,0,43,"Bachelor's degree (for example: BA, AB, BS)",Male,Business Management & Administration,Single,Democrat,"No, not of Hispanic, Latino, or Spanish origin",Man,United States,"$60,000-$69,999",Black or African American,Part-time
"Yes, I consent to participate.",Democrat,NA,Strong,NA,Yes,Yes,Prosecuting journalists for unfair news coverage,69,79,Important,80,35,85,81,64,Very comfortable,Comfortable,Comfortable,Very likely,Democrat,The governor took action to gain an electoral advantage or to respond to similar actions taken by the other party in the past.,NA,NA,NA,NA,100,51,54,100,NA,NA,NA,NA,3FA3E86951574D58AE0E442219E0FD94,019de99f-3ae8-7367-bd5b-b62fbfeea913,019de1ab-afed-72b0-99bf-23a6aa89592d,1,0.465,0.505,0.995,OW,Control,Democracy,Democratic,Republican,Democrat,Republican,NA,NA,media,2,25,"Some college, but no degree",Male,Retail,Married,Democrat,"No, not of Hispanic, Latino, or Spanish origin",Man,United States,"$150,000-$174,999",Black or African American,Full-time
"Yes, I consent to participate.",Democrat,NA,Strong,NA,No,No,Manipulating geographic boundaries of election districts,0,70,Important,100,30,15,20,64,Uncomfortable,Neither comfortable nor uncomfortable,Uncomfortable,Likely,Democrat,The governor took action to gain an electoral advantage or to respond to similar actions taken by the other party in the past.,100,30,15,20,NA,NA,NA,NA,NA,NA,NA,NA,06937EA6F0E54AD7A793CBB7211AA343,019de99c-96c9-7f2b-bfb7-aa33a99e362d,019de1ab-afed-72b0-99bf-23a6aa89592d,1,0.465,0.505,0.995,Mehlhaff,InParty,Democracy,Democratic,Republican,Democrat,Republican,Democratic,Democrat,redistrict,0,31,"Associate degree (for example: AA, AS)",Male,Medicine,Single,Democrat,"No, not of Hispanic, Latino, or Spanish origin",Man,United States,"$50,000-$59,999",Black or African American,Full-time
"Yes, I consent to participate.",Republican,NA,Not Very Strong,NA,Yes,Yes,Restructuring the state’s highest court to favor the party in power,90,60,Important,30,80,70,90,64,Comfortable,Somewhat comfortable,Somewhat comfortable,Somewhat likely,Democrat,The governor took action to pursue a specific policy outcome.,NA,NA,NA,NA,98,55,50,90,NA,NA,NA,NA,1403A555DC784AEB95EA3FFB5001082E,019de998-aa09-7693-8f1a-8dcc8875810a,019de1ab-afed-72b0-99bf-23a6aa89592d,1,0.465,0.505,0.995,Mehlhaff,OutParty,Electoral,Republican,Democratic,Republican,Democrat,Democratic,Democrat,courts,2,34,"Associate degree (for example: AA, AS)",Male,Marketing and Sales,Married,Republican,"No, not of Hispanic, Latino, or Spanish origin",Man,United States,"$80,000-$89,999",Black or African American,Full-time
"Yes, I consent to participate.",Democrat,NA,Not Very Strong,NA,Yes,No,Manipulating geographic boundaries of election districts,12,94,Important,66,19,27,40,64,Uncomfortable,Somewhat comfortable,Neither comfortable nor uncomfortable,Somewhat unlikely,Republican,The governor took action to gain an electoral advantage or to respond to similar actions taken by the other party in the past.,NA,NA,NA,NA,92,35,44,94,NA,NA,NA,NA,464109382A1942DAAF210EEC850923EE,019de99f-74d6-797a-987d-ff42e7bc103e,019de1ab-afed-72b0-99bf-23a6aa89592d,1,0.465,0.505,0.995,Mehlhaff,OutParty,Electoral,Democratic,Republican,Democrat,Republican,Republican,Republican,redistrict,2,36,"Some college, but no degree",Male,Arts,Married,Independent,"No, not of Hispanic, Latino, or Spanish origin",Man,United States,"$60,000-$69,999",Black or African American,Full-time
"Yes, I consent to participate.",Democrat,NA,Not Very Strong,NA,Yes,No,Restructuring the state’s highest court to favor the party in power,10,50,Very important,60,55,40,50,64,Very uncomfortable,Somewhat uncomfortable,Somewhat comfortable,Somewhat likely,Not specified,The governor took action in an effort to reshape democratic norms and institutions.,NA,NA,NA,NA,100,45,50,85,NA,NA,NA,NA,7E960798CC674DBD9E28A300CE3419EB,019de99b-0102-743c-ac78-164556473632,019de1ab-afed-72b0-99bf-23a6aa89592d,1,0.465,0.505,0.995,OW,Control,Electoral,Democratic,Republican,Democrat,Republican,NA,NA,courts,3,32,"Bachelor's degree (for example: BA, AB, BS)",Female,"Science, Technology, Engineering & Mathematics",Single,Democrat,"No, not of Hispanic, Latino, or Spanish origin",Woman,United States,"$225,000-$249,999",Korean,Full-time
"Yes, I consent to participate.",Independent,NA,NA,Neither,Unsure,No,Manipulating geographic boundaries of election districts,0,20,Very important,94,0,10,49,64,Neither comfortable nor uncomfortable,Neither comfortable nor uncomfortable,Neither comfortable nor uncomfortable,Very unlikely,Republican,The governor took action in an effort to reshape democratic norms and institutions.,NA,NA,NA,NA,90,8,50,65,NA,NA,NA,NA,BD48945F449946C881B6A1C770216271,019de99f-6eca-7b19-b2e5-7e1662726b52,019de1ab-afed-72b0-99bf-23a6aa89592d,1,0.465,0.505,0.995,Mehlhaff,InParty,Electoral,Republican,Democratic,Republican,Democrat,Republican,Republican,redistrict,2,62,"Some college, but no degree",Female,Other,Married,Independent,"No, not of Hispanic, Latino, or Spanish origin",Woman,United States,"$20,000-$29,999",White,"Not in paid work (e.g., homemaker, disabled)"
"Yes, I consent to participate.",Democrat,NA,Not Very Strong,NA,Yes,No,Manipulating geographic boundaries of election districts,19,38,Important,91,55,30,99,64,Somewhat uncomfortable,Neither comfortable nor uncomfortable,Neither comfortable nor uncomfortable,Neither likely nor unlikely,Not specified,The governor took action to gain an electoral advantage or to respond to similar actions taken by the other party in the past.,NA,NA,NA,NA,8,34,45,100,NA,NA,NA,NA,86D58EAAF2CC46FA92D2FF48140833EE,019de99d-a2e0-7f06-b5b7-70f67d474973,019de1ab-afed-72b0-99bf-23a6aa89592d,1,0.465,0.505,0.995,OW,InParty,Policy,Democratic,Republican,Democrat,Republican,Democratic,Democrat,redistrict,3,24,"Some college, but no degree",Female,Education & Training,Single,Democrat,"Yes, another Hispanic, Latino, or Spanish origin – (for example, Salvadoran, Dominican, Colombian, Guatemalan, Spaniard, Ecuadorian, etc.)",Woman,United States,"$60,000-$69,999",White,Part-time
"Yes, I consent to participate.",Democrat,NA,Not Very Strong,NA,Yes,No,Restructuring the state’s highest court to favor the party in power,50,50,Very important,30,20,45,68,64,Comfortable,Comfortable,Comfortable,Neither likely nor unlikely,Republican,The governor took action in an effort to reshape democratic norms and institutions.,NA,NA,NA,NA,45,30,48,90,NA,NA,NA,NA,66C79932EC414CBA86F0BDD4898E06B8,019de99e-1b45-7938-a38f-2f7ac8afa047,019de1ab-afed-72b0-99bf-23a6aa89592d,1,0.465,0.505,0.995,OW,OutParty,Electoral,Democratic,Republican,Democrat,Republican,Republican,Republican,courts,1,32,"Bachelor's degree (for example: BA, AB, BS)",Female,NA,In a relationship,Prefer not to say,"Yes, Puerto Rican",Woman,United States,"$10,000-$19,999",White,NA
"Yes, I consent to participate.",Democrat,NA,Not Very Strong,NA,Yes,No,Restructuring the state’s highest court to favor the party in power,0,81,Important,50,30,71,79,64,Very uncomfortable,Very uncomfortable,Somewhat uncomfortable,Neither likely nor unlikely,Not specified,The governor took action in an effort to reshape democratic norms and institutions.,NA,NA,NA,NA,81,36,60,81,NA,NA,NA,NA,9033C00D0F6C46208545E1287EA74B50,019de999-29ee-7803-b6fa-ca4b71ad0adc,019de1ab-afed-72b0-99bf-23a6aa89592d,1,0.465,0.505,0.995,OW,Control,Policy,Democratic,Republican,Democrat,Republican,NA,NA,courts,2,66,"Bachelor's degree (for example: BA, AB, BS)",Female,Other,NA,Democrat,"No, not of Hispanic, Latino, or Spanish origin",Woman,United States,"$40,000-$49,999",Japanese,Part-time
"Yes, I consent to participate.",Democrat,NA,Strong,NA,Yes,No,Prosecuting journalists for unfair news coverage,5,80,Very important,80,0,20,70,64,Somewhat comfortable,Very uncomfortable,Comfortable,Very unlikely,Democrat,The governor took action in an effort to reshape democratic norms and institutions.,NA,NA,NA,NA,100,30,40,100,NA,NA,NA,NA,CBDB9ABD3EFB4292A61DEB5B5A0B4F3F,019de99d-dce8-7c35-9066-ac1238519683,019de1ab-afed-72b0-99bf-23a6aa89592d,1,0.465,0.505,0.995,OW,InParty,Democracy,Democratic,Republican,Democrat,Republican,Democratic,Democrat,media,3,68,High school graduate - high school diploma or the equivalent (for example: GED),Female,Retired,Divorced,Democrat,"No, not of Hispanic, Latino, or Spanish origin",Woman,United States,"$10,000-$19,999",White,Retired
"Yes, I consent to participate.",Republican,NA,Strong,NA,No,No,Restructuring the state’s highest court to favor the party in power,94,15,Very important,22,75,60,72,64,Somewhat comfortable,Neither comfortable nor uncomfortable,Somewhat comfortable,Somewhat likely,Not specified,The governor took action in an effort to reshape democratic norms and institutions.,NA,NA,NA,NA,91,46,71,100,NA,NA,NA,NA,1B2AA1A05DFE45608602A31E88EBD9D8,019de99e-316a-77ba-a650-9ac8efd8e477,019de1ab-afed-72b0-99bf-23a6aa89592d,1,0.465,0.505,0.995,OW,Control,Democracy,Republican,Democratic,Republican,Democrat,NA,NA,courts,2,63,"Associate degree (for example: AA, AS)",Female,Other,Married,Republican,"No, not of Hispanic, Latino, or Spanish origin",Woman,United States,"$80,000-$89,999",White,Part-time
"Yes, I consent to participate.",Independent,NA,NA,Closer to Republican Party,Yes,No,Manipulating geographic boundaries of election districts,60,10,Somewhat unimportant,70,60,50,60,64,Uncomfortable,Somewhat comfortable,Somewhat uncomfortable,Very unlikely,Democrat,The governor took action to gain an electoral advantage or to respond to similar actions taken by the other party in the past.,NA,NA,NA,NA,90,42,50,98,NA,NA,NA,NA,9C6818F091F5458AB5835CC3FA91A27D,019de99d-de28-73a8-9b6d-8b7c81e247c9,019de1ab-afed-72b0-99bf-23a6aa89592d,1,0.465,0.505,0.995,OW,OutParty,Democracy,Republican,Democratic,Republican,Democrat,Democratic,Democrat,redistrict,3,60,"Bachelor's degree (for example: BA, AB, BS)",Male,Retired,Married,Independent,"No, not of Hispanic, Latino, or Spanish origin",Man,United States,"$150,000-$174,999",White,Retired
"Yes, I consent to participate.",Republican,NA,Not Very Strong,NA,Yes,Yes,Prosecuting journalists for unfair news coverage,80,50,Important,52,19,50,20,64,Somewhat comfortable,Somewhat comfortable,Somewhat comfortable,Neither likely nor unlikely,Not specified,The governor took action in an effort to reshape democratic norms and institutions.,59,16,61,63,NA,NA,NA,NA,NA,NA,NA,NA,8DEA6617F99B49438DB23EDF868D80E1,019de998-21e9-7c19-b8e2-75d8f81c5092,019de1ab-afed-72b0-99bf-23a6aa89592d,1,0.465,0.505,0.995,Mehlhaff,Control,Policy,Republican,Democratic,Republican,Democrat,NA,NA,media,0,25,"Master's degree (for example: MA, MS, MEng, MEd, MSW, MBA)",Female,Information Technology,NA,Prefer not to say,"No, not of Hispanic, Latino, or Spanish origin",Woman,United States,"$70,000-$79,999",Black or African American,Full-time
"Yes, I consent to participate.",Democrat,NA,Strong,NA,Yes,Yes,Prosecuting journalists for unfair news coverage,2,98,Very important,57,36,58,60,58,Very uncomfortable,Very uncomfortable,Somewhat comfortable,Likely,Democrat,The governor took action to pursue a specific policy outcome.,53,58,61,52,NA,NA,NA,NA,NA,NA,NA,NA,23B7335472A1407BA6C9CDF60958C918,019de9a2-2449-7748-a49c-863c6337e78d,019de1ab-afed-72b0-99bf-23a6aa89592d,1,0.465,0.505,0.995,OW,Control,Electoral,Democratic,Republican,Democrat,Republican,NA,NA,media,0,50,"Bachelor's degree (for example: BA, AB, BS)",Male,Information Technology,NA,Democrat,"Yes, another Hispanic, Latino, or Spanish origin – (for example, Salvadoran, Dominican, Colombian, Guatemalan, Spaniard, Ecuadorian, etc.)",Man,United States,"$175,000-$199,999",An ethnicity not listed here,Business Owner
"Yes, I consent to participate.",Democrat,NA,Strong,NA,Yes,Yes,Restructuring the state’s highest court to favor the party in power,30,80,Somewhat important,80,31,22,61,64,Neither comfortable nor uncomfortable,Neither comfortable nor uncomfortable,Very uncomfortable,Unlikely,Republican,The governor took action to pursue a specific policy outcome.,NA,NA,NA,NA,92,46,49,95,NA,NA,NA,NA,C656FF39716E441FA4313164CF7820FE,019de99b-c24e-7c9a-8b7c-810629455c1b,019de1ab-afed-72b0-99bf-23a6aa89592d,1,0.465,0.505,0.995,OW,OutParty,Democracy,Democratic,Republican,Democrat,Republican,Republican,Republican,courts,2,38,"Some college, but no degree",Male,Business Management & Administration,Married,Democrat,"No, not of Hispanic, Latino, or Spanish origin",Man,United States,"$70,000-$79,999",An ethnicity not listed here,Full-time
"Yes, I consent to participate.",Democrat,NA,Strong,NA,Yes,No,Manipulating geographic boundaries of election districts,23,47,Very important,55,57,41,94,64,Neither comfortable nor uncomfortable,Neither comfortable nor uncomfortable,Somewhat comfortable,Unlikely,Republican,The governor took action to gain an electoral advantage or to respond to similar actions taken by the other party in the past.,NA,NA,NA,NA,100,56,50,68,NA,NA,NA,NA,C158339F84FD43A880A0C1A528C43189,019de99d-d355-7231-bc03-dbcc182eef55,019de1ab-afed-72b0-99bf-23a6aa89592d,1,0.465,0.505,0.995,OW,OutParty,Policy,Democratic,Republican,Democrat,Republican,Republican,Republican,redistrict,1,32,"Master's degree (for example: MA, MS, MEng, MEd, MSW, MBA)",Male,NA,NA,Democrat,"No, not of Hispanic, Latino, or Spanish origin",Man,United States,"$125,000-$149,999",Black or African American,Full-time
"Yes, I consent to participate.",Democrat,NA,Strong,NA,Yes,No,Manipulating geographic boundaries of election districts,5,75,Very important,95,0,25,100,64,Uncomfortable,Uncomfortable,Very uncomfortable,Likely,Democrat,The governor took action to gain an electoral advantage or to respond to similar actions taken by the other party in the past.,95,0,25,100,NA,NA,NA,NA,NA,NA,NA,NA,1B9B7CC496574E68A276AEC7ACB0BBB2,019de9a0-2cdc-7bb2-b5e3-1bbfde83ad65,019de1ab-afed-72b0-99bf-23a6aa89592d,1,0.465,0.505,0.995,Mehlhaff,InParty,Democracy,Democratic,Republican,Democrat,Republican,Democratic,Democrat,redistrict,0,74,"Doctorate degree (for example: PhD, EdD)",Female,Education & Training,Divorced,Democrat,"No, not of Hispanic, Latino, or Spanish origin",Woman,United States,"$20,000-$29,999",White,Retired
"Yes, I consent to participate.",Democrat,NA,Strong,NA,Yes,Yes,Directing law enforcement to investigate politicians of the opposing party,0,100,Very important,90,0,10,50,64,Very uncomfortable,Very uncomfortable,Very uncomfortable,Very likely,Not specified,The governor took action in an effort to reshape democratic norms and institutions.,NA,NA,NA,NA,100,0,5,100,NA,NA,NA,NA,D0AA6F745B1A4F2BA36468AAFA0E2C1B,019de99d-5660-71b3-9e94-59d75645964f,019de1ab-afed-72b0-99bf-23a6aa89592d,1,0.465,0.505,0.995,Mehlhaff,Control,Democracy,Democratic,Republican,Democrat,Republican,NA,NA,investigate,2,45,"Bachelor's degree (for example: BA, AB, BS)",Female,Finance,Married,Democrat,"No, not of Hispanic, Latino, or Spanish origin",Woman,United States,"$175,000-$199,999",Chinese,Full-time
"Yes, I consent to participate.",Republican,NA,Not Very Strong,NA,Yes,No,Restructuring the state’s highest court to favor the party in power,70,30,Very important,50,30,50,50,64,Very uncomfortable,Very uncomfortable,Neither comfortable nor uncomfortable,Very unlikely,Republican,The governor took action to gain an electoral advantage or to respond to similar actions taken by the other party in the past.,NA,NA,NA,NA,100,0,50,50,NA,NA,NA,NA,E9778B8B9D824722BFE3556FE2ACFC04,019de997-3a62-78ec-95a3-2caa552c122e,019de1ab-afed-72b0-99bf-23a6aa89592d,1,0.465,0.505,0.995,OW,InParty,Electoral,Republican,Democratic,Republican,Democrat,Republican,Republican,courts,3,41,High school graduate - high school diploma or the equivalent (for example: GED),Male,Information Technology,Single,Republican,"No, not of Hispanic, Latino, or Spanish origin",Man,United States,"$30,000-$39,999",Black or African American,Full-time
"Yes, I consent to participate.",Republican,NA,Not Very Strong,NA,Unsure,No,Restructuring the state’s highest court to favor the party in power,82,40,Somewhat important,55,40,70,50,64,Neither comfortable nor uncomfortable,Neither comfortable nor uncomfortable,Neither comfortable nor uncomfortable,Neither likely nor unlikely,Republican,The governor took action to gain an electoral advantage or to respond to similar actions taken by the other party in the past.,NA,NA,NA,NA,55,50,80,50,NA,NA,NA,NA,9B1DDF8FDD6A44F2A63883D0A492997C,019de997-8a9d-71ca-bf53-721ab6809829,019de1ab-afed-72b0-99bf-23a6aa89592d,1,0.465,0.505,0.995,OW,InParty,Electoral,Republican,Democratic,Republican,Democrat,Republican,Republican,courts,2,28,"Bachelor's degree (for example: BA, AB, BS)",Male,"Science, Technology, Engineering & Mathematics",In a relationship,Republican,"No, not of Hispanic, Latino, or Spanish origin",Man,United States,"$70,000-$79,999",Black or African American,Full-time
"Yes, I consent to participate.",Republican,NA,Strong,NA,Unsure,No,Restructuring the state’s highest court to favor the party in power,100,10,Neither important nor unimportant,50,72,73,51,64,Neither comfortable nor uncomfortable,Very Comfortable,Very comfortable,Neither likely nor unlikely,Republican,The governor took action in an effort to reshape democratic norms and institutions.,NA,NA,NA,NA,71,72,73,90,NA,NA,NA,NA,EE1148161E494C24AFC72BC04247216D,019de9a0-8ebc-7c75-9c5a-b83442631d61,019de1ab-afed-72b0-99bf-23a6aa89592d,1,0.465,0.505,0.995,Mehlhaff,OutParty,Democracy,Republican,Democratic,Republican,Democrat,Democratic,Democrat,courts,3,38,"Bachelor's degree (for example: BA, AB, BS)",Female,Other,Married,Republican,"No, not of Hispanic, Latino, or Spanish origin",Woman,United States,"$60,000-$69,999",Filipino,Business Owner
"Yes, I consent to participate.",Independent,NA,NA,Closer to Republican Party,Yes,No,Prosecuting journalists for unfair news coverage,62,39,Important,62,39,71,25,64,Somewhat comfortable,Comfortable,Comfortable,Unlikely,Republican,The governor took action to gain an electoral advantage or to respond to similar actions taken by the other party in the past.,NA,NA,NA,NA,100,46,57,80,NA,NA,NA,NA,058F7E3633E64D6093CD23F6A7997152,019de99f-b76e-7f4c-b464-b9273062c2d2,019de1ab-afed-72b0-99bf-23a6aa89592d,1,0.465,0.505,0.995,Mehlhaff,OutParty,Democracy,Republican,Democratic,Republican,Democrat,Democratic,Democrat,media,3,20,"Some college, but no degree",Male,Other,Single,Independent,"No, not of Hispanic, Latino, or Spanish origin",Man,United States,"$100,000-$124,999",Black or African American,Unemployed
"Yes, I consent to participate.",Democrat,NA,Not Very Strong,NA,No,No,Directing law enforcement to investigate politicians of the opposing party,23,82,Important,50,27,62,50,64,Somewhat uncomfortable,Neither comfortable nor uncomfortable,Neither comfortable nor uncomfortable,Very likely,Not specified,The governor took action to pursue a specific policy outcome.,NA,NA,NA,NA,95,30,100,40,NA,NA,NA,NA,6DAFC13065D744D9AD1015E0529628F9,019de999-b7f1-7e49-a0bf-eb5aa10ca7d4,019de1ab-afed-72b0-99bf-23a6aa89592d,1,0.465,0.505,0.995,OW,Control,Electoral,Democratic,Republican,Democrat,Republican,NA,NA,investigate,2,29,"Some college, but no degree",Female,Other,In a relationship,Democrat,"Yes, Mexican, Mexican Am., Chicano",Woman,United States,"Less than $10,000",An ethnicity not listed here,Student
"Yes, I consent to participate.",Independent,NA,NA,Closer to Democratic Party,Yes,No,Manipulating geographic boundaries of election districts,16,66,Important,70,19,39,81,64,Uncomfortable,Somewhat uncomfortable,Neither comfortable nor uncomfortable,Very unlikely,Republican,The governor took action to gain an electoral advantage or to respond to similar actions taken by the other party in the past.,70,30,40,70,NA,NA,NA,NA,NA,NA,NA,NA,470B06DA3A2D4D80ADCA04EE7DD7441D,019de9a0-ce43-70f2-9d3b-16e334d85452,019de1ab-afed-72b0-99bf-23a6aa89592d,1,0.465,0.505,0.995,Mehlhaff,OutParty,Electoral,Democratic,Republican,Democrat,Republican,Republican,Republican,redistrict,0,78,"Master's degree (for example: MA, MS, MEng, MEd, MSW, MBA)",Male,Other,Divorced,Independent,"No, not of Hispanic, Latino, or Spanish origin",Man,United States,"$100,000-$124,999",White,Retired
"Yes, I consent to participate.",Independent,NA,NA,Closer to Republican Party,Yes,No,Restructuring the state’s highest court to favor the party in power,75,5,Important,50,25,20,50,64,Somewhat comfortable,Somewhat comfortable,Neither comfortable nor uncomfortable,Neither likely nor unlikely,Not specified,The governor took action in an effort to reshape democratic norms and institutions.,NA,NA,NA,NA,51,25,20,65,NA,NA,NA,NA,DDB0DABFC4E74921B043307FEC8AAFB1,019de99f-4d63-7495-bd5f-dd468416d98c,019de1ab-afed-72b0-99bf-23a6aa89592d,1,0.465,0.505,0.995,Mehlhaff,Control,Democracy,Republican,Democratic,Republican,Democrat,NA,NA,courts,1,70,"Bachelor's degree (for example: BA, AB, BS)",Male,Marketing and Sales,In a relationship,Independent,"No, not of Hispanic, Latino, or Spanish origin",Man,United States,"$60,000-$69,999",White,Business Owner
"Yes, I consent to participate.",Independent,NA,NA,Neither,Yes,Yes,Manipulating geographic boundaries of election districts,0,29,Very important,100,32,7,76,64,Very uncomfortable,Very uncomfortable,Very uncomfortable,Unlikely,Democrat,The governor took action to gain an electoral advantage or to respond to similar actions taken by the other party in the past.,100,28,10,83,NA,NA,NA,NA,NA,NA,NA,NA,FDC65C5F8DCB4731B5953C1745FC9696,019de9a2-7525-7084-9b23-08c6d178f6a4,019de1ab-afed-72b0-99bf-23a6aa89592d,1,0.465,0.505,0.995,Mehlhaff,InParty,Policy,Democratic,Republican,Democrat,Republican,Democratic,Democrat,redistrict,0,63,"Bachelor's degree (for example: BA, AB, BS)",Male,Finance,Divorced,Independent,"No, not of Hispanic, Latino, or Spanish origin",Man,United States,"$10,000-$19,999",White,Full-time
"Yes, I consent to participate.",Other party (please specify),Libertarian,NA,Neither,Yes,No,Restructuring the state’s highest court to favor the party in power,55,4,Important,100,51,96,100,64,Very uncomfortable,Uncomfortable,Uncomfortable,Unlikely,Republican,The governor took action to gain an electoral advantage or to respond to similar actions taken by the other party in the past.,NA,NA,NA,NA,100,51,95,100,NA,NA,NA,NA,55B0DE3537B94DC0B9FA08727CEF91A1,019de99a-ab7b-74c0-aed0-c1bfc11e9d9b,019de1ab-afed-72b0-99bf-23a6aa89592d,1,0.465,0.505,0.995,OW,InParty,Democracy,Republican,Democratic,Republican,Democrat,Republican,Republican,courts,2,63,"Bachelor's degree (for example: BA, AB, BS)",Male,Other,In a relationship,Something else,"No, not of Hispanic, Latino, or Spanish origin",Man,United States,"Less than $10,000",An ethnicity not listed here,Unemployed
"Yes, I consent to participate.",Republican,NA,Strong,NA,Yes,No,Banning political rallies,90,20,Neither important nor unimportant,70,80,90,65,64,Neither comfortable nor uncomfortable,Neither comfortable nor uncomfortable,Neither comfortable nor uncomfortable,Neither likely nor unlikely,Not specified,The governor took action in an effort to reshape democratic norms and institutions.,NA,NA,NA,NA,75,80,80,87,NA,NA,NA,NA,3AE5CC80B2564472A7D9653DE7A206A4,019de99c-bdfd-7054-a3b9-122e50e58ade,019de1ab-afed-72b0-99bf-23a6aa89592d,1,0.465,0.505,0.995,OW,OutParty,Electoral,Republican,Democratic,Republican,Democrat,Democratic,Democrat,rallies,2,62,High school graduate - high school diploma or the equivalent (for example: GED),Female,Other,Single,Republican,"No, not of Hispanic, Latino, or Spanish origin",Woman,United States,"$30,000-$39,999",White,Part-time
"Yes, I consent to participate.",Democrat,NA,Strong,NA,Yes,No,Manipulating geographic boundaries of election districts,21,93,Very important,75,39,50,92,64,Neither comfortable nor uncomfortable,Somewhat uncomfortable,Neither comfortable nor uncomfortable,Very unlikely,Not specified,The governor took action to gain an electoral advantage or to respond to similar actions taken by the other party in the past.,NA,NA,NA,NA,87,32,50,94,NA,NA,NA,NA,B480F8A5265B482CAFB6C133462E2FE6,019de9a1-a158-7c90-aff4-50b64d18aa3c,019de1ab-afed-72b0-99bf-23a6aa89592d,1,0.465,0.505,0.995,OW,Control,Policy,Democratic,Republican,Democrat,Republican,NA,NA,redistrict,2,70,"Master's degree (for example: MA, MS, MEng, MEd, MSW, MBA)",Female,Education & Training,Single,Democrat,"No, not of Hispanic, Latino, or Spanish origin",Woman,United States,"$30,000-$39,999",White,Part-time
"Yes, I consent to participate.",Republican,NA,Not Very Strong,NA,Yes,No,Manipulating geographic boundaries of election districts,78,35,Important,58,63,55,83,64,Somewhat comfortable,Somewhat comfortable,Comfortable,Unlikely,Democrat,The governor took action in an effort to reshape democratic norms and institutions.,NA,NA,NA,NA,100,50,55,100,NA,NA,NA,NA,AE0FBB6F1C814D4CAC30B3F3326D9AF3,019de9a1-426d-70fe-9bb1-9993a1f84dc0,019de1ab-afed-72b0-99bf-23a6aa89592d,1,0.465,0.505,0.995,Mehlhaff,OutParty,Policy,Republican,Democratic,Republican,Democrat,Democratic,Democrat,redistrict,3,51,"Some college, but no degree",Male,Government & Public Administration,Divorced,Republican,"No, not of Hispanic, Latino, or Spanish origin",Man,United States,"$125,000-$149,999",Chinese,Full-time
"Yes, I consent to participate.",Democrat,NA,Strong,NA,No,No,Restructuring the state’s highest court to favor the party in power,10,90,Very important,50,50,10,50,64,Comfortable,Comfortable,Very comfortable,Likely,Democrat,The governor took action to gain an electoral advantage or to respond to similar actions taken by the other party in the past.,50,50,10,50,NA,NA,NA,NA,NA,NA,NA,NA,E2047E298CF54A09AC5096D16E35328E,019de9a2-4929-7f71-a275-cd1ffc008bac,019de1ab-afed-72b0-99bf-23a6aa89592d,1,0.465,0.505,0.995,Mehlhaff,InParty,Electoral,Democratic,Republican,Democrat,Republican,Democratic,Democrat,courts,0,67,"Doctorate degree (for example: PhD, EdD)",Female,Retired,Widowed,Democrat,"No, not of Hispanic, Latino, or Spanish origin",Woman,United States,"$150,000-$174,999",White,"Not in paid work (e.g., homemaker, disabled)"
"Yes, I consent to participate.",Democrat,NA,Strong,NA,Yes,No,Restructuring the state’s highest court to favor the party in power,50,95,Important,70,10,30,85,64,Comfortable,Comfortable,Comfortable,Unlikely,Republican,The governor took action to gain an electoral advantage or to respond to similar actions taken by the other party in the past.,NA,NA,NA,NA,52,30,48,99,NA,NA,NA,NA,8AB362E6607B4352B1C8DEA698C95D2E,019de99e-7547-7e89-88a4-5291bf038d62,019de1ab-afed-72b0-99bf-23a6aa89592d,1,0.465,0.505,0.995,OW,OutParty,Policy,Democratic,Republican,Democrat,Republican,Republican,Republican,courts,1,49,High school graduate - high school diploma or the equivalent (for example: GED),Female,Other,Divorced,Democrat,"No, not of Hispanic, Latino, or Spanish origin",Woman,United States,"$10,000-$19,999",Black or African American,"Not in paid work (e.g., homemaker, disabled)"
"Yes, I consent to participate.",Independent,NA,NA,Closer to Democratic Party,Yes,Yes,Restructuring the state’s highest court to favor the party in power,20,40,Very important,75,25,75,75,64,Comfortable,Comfortable,Comfortable,Likely,Not specified,The governor took action to gain an electoral advantage or to respond to similar actions taken by the other party in the past.,NA,NA,NA,NA,100,46,50,100,NA,NA,NA,NA,AF977840591D4A87B96F952F0E40FD8C,019de99a-e96f-75ad-a6e8-0687d3e2829d,019de1ab-afed-72b0-99bf-23a6aa89592d,1,0.465,0.505,0.995,OW,Control,Electoral,Democratic,Republican,Democrat,Republican,NA,NA,courts,2,32,"Some college, but no degree",Female,Medicine,Single,Independent,"No, not of Hispanic, Latino, or Spanish origin",Woman,United States,"$90,000-$99,999",Black or African American,Full-time
"Yes, I consent to participate.",Independent,NA,NA,Closer to Democratic Party,Yes,No,Restructuring the state’s highest court to favor the party in power,15,50,Important,80,0,35,50,64,Somewhat uncomfortable,Somewhat comfortable,Neither comfortable nor uncomfortable,Neither likely nor unlikely,Not specified,The governor took action in an effort to reshape democratic norms and institutions.,NA,NA,NA,NA,80,0,35,50,NA,NA,NA,NA,BDE67C2DF7E34C829465442702DD3ACC,019de99d-51db-792a-bfaf-77e4d3a5b1ca,019de1ab-afed-72b0-99bf-23a6aa89592d,1,0.465,0.505,0.995,Mehlhaff,InParty,Electoral,Democratic,Republican,Democrat,Republican,Democratic,Democrat,courts,2,36,"Some college, but no degree",Female,Arts,Single,Independent,"No, not of Hispanic, Latino, or Spanish origin",Woman,United States,"$30,000-$39,999",Black or African American,Business Owner
"Yes, I consent to participate.",Democrat,NA,Not Very Strong,NA,No,No,Manipulating geographic boundaries of election districts,50,51,Not at all important,60,65,55,70,64,Very uncomfortable,Very uncomfortable,Very uncomfortable,Neither likely nor unlikely,Not specified,The governor took action to gain an electoral advantage or to respond to similar actions taken by the other party in the past.,NA,NA,NA,NA,100,60,55,100,NA,NA,NA,NA,2806ADC02E874EFAA0DCECFE63A09A7D,019de99c-a729-7137-9bb1-42aec93f809d,019de1ab-afed-72b0-99bf-23a6aa89592d,1,0.465,0.505,0.995,OW,InParty,Democracy,Democratic,Republican,Democrat,Republican,Democratic,Democrat,redistrict,1,35,"Bachelor's degree (for example: BA, AB, BS)",Male,Information Technology,Single,Democrat,"No, not of Hispanic, Latino, or Spanish origin",Man,United States,"$50,000-$59,999",Filipino,Full-time
"Yes, I consent to participate.",Republican,NA,Not Very Strong,NA,No,No,Manipulating geographic boundaries of election districts,70,33,Important,55,45,43,60,64,Neither comfortable nor uncomfortable,Somewhat comfortable,Somewhat comfortable,Unlikely,Democrat,The governor took action in an effort to reshape democratic norms and institutions.,55,39,42,58,NA,NA,NA,NA,NA,NA,NA,NA,50702036006D4A2EB5A1D51F641BEF19,019de9a2-3043-7b61-8624-c5982dc0676c,019de1ab-afed-72b0-99bf-23a6aa89592d,1,0.465,0.505,0.995,Mehlhaff,OutParty,Electoral,Republican,Democratic,Republican,Democrat,Democratic,Democrat,redistrict,0,49,"Bachelor's degree (for example: BA, AB, BS)",Female,Marketing and Sales,Married,Republican,"No, not of Hispanic, Latino, or Spanish origin",Woman,United States,"$200,000-$224,999",Korean,Part-time
"Yes, I consent to participate.",Democrat,NA,Strong,NA,Yes,No,Manipulating geographic boundaries of election districts,10,80,Very important,50,0,25,30,64,Uncomfortable,Somewhat uncomfortable,Uncomfortable,Very unlikely,Republican,The governor took action in an effort to reshape democratic norms and institutions.,NA,NA,NA,NA,100,0,50,100,NA,NA,NA,NA,2ACB97CD18834B69A198619CA30BC130,019de99f-e28c-7a6f-b795-f6d575ab0b5a,019de1ab-afed-72b0-99bf-23a6aa89592d,1,0.465,0.505,0.995,OW,OutParty,Electoral,Democratic,Republican,Democrat,Republican,Republican,Republican,redistrict,2,37,High school graduate - high school diploma or the equivalent (for example: GED),Male,I’d Rather Not Say,In a relationship,Democrat,"Yes, Puerto Rican",Man,United States,"$30,000-$39,999",Filipino,"Not in paid work (e.g., homemaker, disabled)"
"Yes, I consent to participate.",Republican,NA,Strong,NA,Yes,Yes,Manipulating geographic boundaries of election districts,90,68,Somewhat important,67,58,68,63,64,Somewhat comfortable,Somewhat comfortable,Somewhat uncomfortable,Somewhat likely,Republican,The governor took action to gain an electoral advantage or to respond to similar actions taken by the other party in the past.,NA,NA,NA,NA,80,41,58,60,NA,NA,NA,NA,FB80A7413CAC45F28071C504502281E0,019de99d-48b9-742b-9ba0-6d6e94e876eb,019de1ab-afed-72b0-99bf-23a6aa89592d,1,0.465,0.505,0.995,OW,InParty,Policy,Republican,Democratic,Republican,Democrat,Republican,Republican,redistrict,2,38,"Bachelor's degree (for example: BA, AB, BS)",Female,Information Technology,Married,Republican,"No, not of Hispanic, Latino, or Spanish origin",Woman,United States,"$50,000-$59,999",Black or African American,Full-time
"Yes, I consent to participate.",Independent,NA,NA,Neither,Yes,Yes,Restructuring the state’s highest court to favor the party in power,30,40,Somewhat important,34,60,18,40,64,Neither comfortable nor uncomfortable,Somewhat comfortable,Neither comfortable nor uncomfortable,Unlikely,Republican,The governor took action to gain an electoral advantage or to respond to similar actions taken by the other party in the past.,NA,NA,NA,NA,79,42,23,73,NA,NA,NA,NA,C15C09EAF043480BA6AAAC4B162B65EE,019de9a5-4451-73ff-9c42-08743d9b1cf4,019de1ab-afed-72b0-99bf-23a6aa89592d,1,0.465,0.505,0.995,OW,Control,Democracy,Democratic,Republican,Democrat,Republican,NA,NA,courts,2,22,"Some college, but no degree",Male,Information Technology,Single,Independent,"No, not of Hispanic, Latino, or Spanish origin",Man,United States,"$175,000-$199,999",Filipino,Student
"Yes, I consent to participate.",Democrat,NA,Strong,NA,Yes,No,Banning political rallies,16,84,Important,65,31,34,50,64,Uncomfortable,Somewhat uncomfortable,Neither comfortable nor uncomfortable,Very unlikely,Democrat,The governor took action to gain an electoral advantage or to respond to similar actions taken by the other party in the past.,NA,NA,NA,NA,84,25,37,95,NA,NA,NA,NA,4B1E8919BFF34227AD841D4567D1350E,019de99e-bc53-71a7-b4f8-80639d641471,019de1ab-afed-72b0-99bf-23a6aa89592d,1,0.465,0.505,0.995,OW,InParty,Policy,Democratic,Republican,Democrat,Republican,Democratic,Democrat,rallies,2,39,"Bachelor's degree (for example: BA, AB, BS)",Female,Manufacturing,Single,Democrat,"Yes, Mexican, Mexican Am., Chicano",Woman,United States,"$40,000-$49,999",Black or African American,Full-time
"Yes, I consent to participate.",Independent,NA,NA,Closer to Republican Party,No,No,Banning political rallies,80,61,Important,60,30,82,41,64,Somewhat comfortable,Somewhat comfortable,Somewhat comfortable,Somewhat likely,Not specified,The governor took action to pursue a specific policy outcome.,61,41,82,40,NA,NA,NA,NA,NA,NA,NA,NA,4941B592B8544826A4B3C5CDBAF629B0,019de99e-6156-7209-aa42-d648baf85a37,019de1ab-afed-72b0-99bf-23a6aa89592d,1,0.465,0.505,0.995,Mehlhaff,OutParty,Democracy,Republican,Democratic,Republican,Democrat,Democratic,Democrat,rallies,0,35,"Some college, but no degree",Female,Architecture and Construction,In a relationship,Independent,"Yes, Puerto Rican",Woman,United States,"$20,000-$29,999",White,Full-time
"Yes, I consent to participate.",Republican,NA,Strong,NA,Yes,Unsure,Directing law enforcement to investigate politicians of the opposing party,82,63,Somewhat important,61,73,77,67,64,Somewhat uncomfortable,Neither comfortable nor uncomfortable,Somewhat comfortable,Somewhat likely,Not specified,The governor took action to gain an electoral advantage or to respond to similar actions taken by the other party in the past.,NA,NA,NA,NA,100,46,51,99,NA,NA,NA,NA,90B885CBA5A24A119147789E3F198F5A,019de99d-a667-7fc2-b3cf-0598f5386f03,019de1ab-afed-72b0-99bf-23a6aa89592d,1,0.465,0.505,0.995,OW,Control,Policy,Republican,Democratic,Republican,Democrat,NA,NA,investigate,1,57,"Bachelor's degree (for example: BA, AB, BS)",Male,Business Management & Administration,Married,Republican,"No, not of Hispanic, Latino, or Spanish origin",Man,United States,"$90,000-$99,999",Black or African American,Full-time
"Yes, I consent to participate.",Republican,NA,Strong,NA,No,No,Restructuring the state’s highest court to favor the party in power,98,6,Important,68,64,98,61,64,Neither comfortable nor uncomfortable,Uncomfortable,Somewhat uncomfortable,Very unlikely,Democrat,The governor took action to pursue a specific policy outcome.,NA,NA,NA,NA,98,63,50,100,NA,NA,NA,NA,C75C95905ED1439A8E83068DFDD96310,019de997-6b15-7b1f-8061-acd110685d79,019de1ab-afed-72b0-99bf-23a6aa89592d,1,0.465,0.505,0.995,OW,OutParty,Democracy,Republican,Democratic,Republican,Democrat,Democratic,Democrat,courts,1,62,"Bachelor's degree (for example: BA, AB, BS)",Male,Business Management & Administration,Married,Republican,"No, not of Hispanic, Latino, or Spanish origin",Man,United States,"$90,000-$99,999",White,Full-time
"Yes, I consent to participate.",Democrat,NA,Strong,NA,Yes,No,Manipulating geographic boundaries of election districts,15,85,Very important,75,5,42,20,64,Very uncomfortable,Somewhat uncomfortable,Very uncomfortable,Very unlikely,Not specified,The governor took action to gain an electoral advantage or to respond to similar actions taken by the other party in the past.,NA,NA,NA,NA,87,37,39,86,NA,NA,NA,NA,B986319450854FF19E95BE5C51FD0253,019de99a-8965-7763-bf84-f8cb0d1693d2,019de1ab-afed-72b0-99bf-23a6aa89592d,1,0.465,0.505,0.995,OW,Control,Policy,Democratic,Republican,Democrat,Republican,NA,NA,redistrict,2,52,"Doctorate degree (for example: PhD, EdD)",Female,Other,NA,Democrat,"No, not of Hispanic, Latino, or Spanish origin",Woman,United States,"$40,000-$49,999",An ethnicity not listed here,Part-time
"Yes, I consent to participate.",No preference,NA,NA,Neither,Yes,No,Directing law enforcement to investigate politicians of the opposing party,50,50,Important,60,20,40,50,64,Neither comfortable nor uncomfortable,Neither comfortable nor uncomfortable,Neither comfortable nor uncomfortable,Somewhat likely,Democrat,The governor took action to gain an electoral advantage or to respond to similar actions taken by the other party in the past.,NA,NA,NA,NA,90,20,50,75,NA,NA,NA,NA,98CC7D60D91446B491881A5E2C191D55,019de9a3-dc25-7142-af16-af2e094f05b3,019de1ab-afed-72b0-99bf-23a6aa89592d,1,0.465,0.505,0.995,Mehlhaff,InParty,Electoral,Democratic,Republican,Democrat,Republican,Democratic,Democrat,investigate,1,71,"Bachelor's degree (for example: BA, AB, BS)",Male,Retired,Married,Independent,"No, not of Hispanic, Latino, or Spanish origin",Man,United States,"$100,000-$124,999",White,Retired
"Yes, I consent to participate.",Independent,NA,NA,Closer to Republican Party,Yes,No,Banning political rallies,29,19,Important,96,23,23,29,64,Somewhat comfortable,Somewhat comfortable,Neither comfortable nor uncomfortable,Very unlikely,Not specified,The governor took action to gain an electoral advantage or to respond to similar actions taken by the other party in the past.,NA,NA,NA,NA,100,38,23,100,NA,NA,NA,NA,F23C5455D9794CD9B96FBE715F906BF7,019de9a2-170e-7dee-ae78-d813e9f04410,019de1ab-afed-72b0-99bf-23a6aa89592d,1,0.475,0.505,0.995,Mehlhaff,InParty,Policy,Republican,Democratic,Republican,Democrat,Republican,Republican,rallies,1,31,"Bachelor's degree (for example: BA, AB, BS)",Male,Information Technology,Single,Independent,"No, not of Hispanic, Latino, or Spanish origin",Man,United States,"$70,000-$79,999",Chinese,Full-time
"Yes, I consent to participate.",Independent,NA,NA,Neither,Yes,Yes,Restructuring the state’s highest court to favor the party in power,25,50,Important,75,25,50,33,64,Somewhat uncomfortable,Somewhat uncomfortable,Somewhat uncomfortable,Somewhat unlikely,Democrat,The governor took action to gain an electoral advantage or to respond to similar actions taken by the other party in the past.,NA,NA,NA,NA,75,25,50,33,NA,NA,NA,NA,D6C205933CD040E9A042F0C275CD4C0D,019de997-0b2c-722b-963c-0b841e8b8ce6,019de1ab-afed-72b0-99bf-23a6aa89592d,1,0.475,0.505,0.995,Mehlhaff,InParty,Electoral,Democratic,Republican,Democrat,Republican,Democratic,Democrat,courts,2,33,"Bachelor's degree (for example: BA, AB, BS)",Male,"Science, Technology, Engineering & Mathematics",Single,Independent,"No, not of Hispanic, Latino, or Spanish origin",Man,United States,"$100,000-$124,999",An ethnicity not listed here,Full-time
"Yes, I consent to participate.",Independent,NA,NA,Neither,Yes,Yes,Banning political rallies,74,27,Neither important nor unimportant,79,44,69,51,64,Somewhat uncomfortable,Neither comfortable nor uncomfortable,Neither comfortable nor uncomfortable,Somewhat unlikely,Democrat,The governor took action to gain an electoral advantage or to respond to similar actions taken by the other party in the past.,NA,NA,NA,NA,100,36,74,60,NA,NA,NA,NA,9886EFFCD15B475C9EF228BBFFCD27C2,019de9a1-8fde-7d34-8a55-277643e406ab,019de1ab-afed-72b0-99bf-23a6aa89592d,1,0.465,0.505,0.995,OW,InParty,Electoral,Republican,Democratic,Republican,Democrat,Republican,Republican,rallies,2,20,"Associate degree (for example: AA, AS)",Male,Other,Single,Independent,"No, not of Hispanic, Latino, or Spanish origin",Man,United States,"$250,000 or more",Japanese,Full-time
"Yes, I consent to participate.",Democrat,NA,Strong,NA,No,No,Prosecuting journalists for unfair news coverage,14,93,Very important,62,22,20,53,64,Neither comfortable nor uncomfortable,Neither comfortable nor uncomfortable,Neither comfortable nor uncomfortable,Somewhat likely,Democrat,The governor took action to pursue a specific policy outcome.,NA,NA,NA,NA,74,20,0,52,NA,NA,NA,NA,B2A470B2B06140B5A52CA539A5BE53E6,019de9a5-2afd-78c6-8932-97691be00b5c,019de1ab-afed-72b0-99bf-23a6aa89592d,1,0.465,0.505,0.995,OW,InParty,Policy,Democratic,Republican,Democrat,Republican,Democratic,Democrat,media,1,71,"Bachelor's degree (for example: BA, AB, BS)",Female,Business Management & Administration,Single,Democrat,"No, not of Hispanic, Latino, or Spanish origin",Woman,United States,"$50,000-$59,999",White,Full-time
"Yes, I consent to participate.",Democrat,NA,Not Very Strong,NA,No,No,Manipulating geographic boundaries of election districts,30,70,Important,100,10,30,70,64,Uncomfortable,Very uncomfortable,Very uncomfortable,Very unlikely,Republican,The governor took action to gain an electoral advantage or to respond to similar actions taken by the other party in the past.,NA,NA,NA,NA,100,40,30,90,NA,NA,NA,NA,7018C8345C134389A0FA3E735759552B,019de9a3-5b8d-7610-b02c-58abcb280f3a,019de1ab-afed-72b0-99bf-23a6aa89592d,1,0.465,0.505,0.995,OW,OutParty,Democracy,Democratic,Republican,Democrat,Republican,Republican,Republican,redistrict,3,40,"Associate degree (for example: AA, AS)",Female,Medicine,Single,Independent,"No, not of Hispanic, Latino, or Spanish origin",Woman,United States,"$30,000-$39,999",Vietnamese,Full-time
"Yes, I consent to participate.",Independent,NA,NA,Closer to Democratic Party,Yes,No,Manipulating geographic boundaries of election districts,81,70,Somewhat important,100,50,55,47,64,Neither comfortable nor uncomfortable,Somewhat comfortable,Neither comfortable nor uncomfortable,Somewhat likely,Republican,The governor took action in an effort to reshape democratic norms and institutions.,NA,NA,NA,NA,92,50,73,80,NA,NA,NA,NA,279C6736060D4CFFB2EB114EC800B71F,019de9a2-20c8-7a90-ac89-03470341b858,019de1ab-afed-72b0-99bf-23a6aa89592d,1,0.475,0.505,0.995,Mehlhaff,Control,Democracy,Democratic,Republican,Democrat,Republican,NA,NA,redistrict,1,31,"Some college, but no degree",Male,Other,NA,Democrat,"Yes, Puerto Rican",Man,United States,"$50,000-$59,999",White,Full-time
"Yes, I consent to participate.",Independent,NA,NA,Neither,Yes,No,Banning political rallies,60,36,Somewhat important,61,14,30,56,64,Uncomfortable,Somewhat comfortable,Somewhat comfortable,Very unlikely,Republican,The governor took action to gain an electoral advantage or to respond to similar actions taken by the other party in the past.,NA,NA,NA,NA,100,47,56,90,NA,NA,NA,NA,C050CE9B02D347248295B26785D791DF,019de99a-a71c-7a96-b5c6-a26fe362f0d1,019de1ab-afed-72b0-99bf-23a6aa89592d,1,0.465,0.505,0.995,OW,InParty,Electoral,Republican,Democratic,Republican,Democrat,Republican,Republican,rallies,1,37,"Bachelor's degree (for example: BA, AB, BS)",Male,Business Management & Administration,I’d Rather Not Say,Independent,"No, not of Hispanic, Latino, or Spanish origin",Man,United States,"$100,000-$124,999",Black or African American,Part-time
"Yes, I consent to participate.",Democrat,NA,Strong,NA,Yes,No,Prosecuting journalists for unfair news coverage,20,81,Very important,92,80,55,82,64,Somewhat comfortable,Comfortable,Comfortable,Very unlikely,Republican,The governor took action to pursue a specific policy outcome.,NA,NA,NA,NA,100,80,55,100,NA,NA,NA,NA,40CD4611E82745598CBF0E885544D01E,019de9a5-7607-7e47-b7e7-15387b0ac319,019de1ab-afed-72b0-99bf-23a6aa89592d,1,0.475,0.505,0.995,Mehlhaff,OutParty,Policy,Democratic,Republican,Democrat,Republican,Republican,Republican,media,2,71,"Professional degree (for example: MD, DDS, DVM, LLB, JD)",Male,Retired,Divorced,Democrat,"No, not of Hispanic, Latino, or Spanish origin",Man,United States,"$100,000-$124,999",White,Retired
"Yes, I consent to participate.",Democrat,NA,Strong,NA,No,No,Prosecuting journalists for unfair news coverage,0,90,Very important,80,50,30,80,64,Neither comfortable nor uncomfortable,Somewhat comfortable,Neither comfortable nor uncomfortable,Neither likely nor unlikely,Not specified,The governor took action to pursue a specific policy outcome.,80,50,30,80,NA,NA,NA,NA,NA,NA,NA,NA,870FB7B0CA73406EA65982559BC7ACB4,019de9a2-e58b-7756-8acd-355f57ee2507,019de1ab-afed-72b0-99bf-23a6aa89592d,1,0.475,0.505,0.995,Mehlhaff,Control,Democracy,Democratic,Republican,Democrat,Republican,NA,NA,media,0,67,"Bachelor's degree (for example: BA, AB, BS)",Male,Education & Training,Married,Democrat,"No, not of Hispanic, Latino, or Spanish origin",Man,United States,"$80,000-$89,999",Black or African American,Full-time
"Yes, I consent to participate.",Democrat,NA,Strong,NA,Unsure,No,Manipulating geographic boundaries of election districts,0,75,Very important,40,36,20,45,64,Somewhat uncomfortable,Somewhat uncomfortable,Neither comfortable nor uncomfortable,Neither likely nor unlikely,Not specified,The governor took action to gain an electoral advantage or to respond to similar actions taken by the other party in the past.,NA,NA,NA,NA,98,40,35,90,NA,NA,NA,NA,B6090CF5C59A4B6DA756114F5EC2352C,019de9a5-2e46-7a91-9b51-291197174af0,019de1ab-afed-72b0-99bf-23a6aa89592d,1,0.475,0.505,0.995,OW,InParty,Electoral,Democratic,Republican,Democrat,Republican,Democratic,Democrat,redistrict,3,46,"Bachelor's degree (for example: BA, AB, BS)",Female,Social Sciences,Divorced,Democrat,"Yes, Mexican, Mexican Am., Chicano",Woman,United States,"$30,000-$39,999",White,Part-time
"Yes, I consent to participate.",Democrat,NA,Strong,NA,Yes,No,Directing law enforcement to investigate politicians of the opposing party,6,95,Very important,73,44,50,72,64,Very uncomfortable,Somewhat uncomfortable,Somewhat uncomfortable,Neither likely nor unlikely,Democrat,The governor took action in an effort to reshape democratic norms and institutions.,NA,NA,NA,NA,100,42,51,61,NA,NA,NA,NA,76A6A31DA16F423A8B9D9D63791511B2,019de9a7-39e2-7d83-9ea0-2d9cb7bc31b9,019de1ab-afed-72b0-99bf-23a6aa89592d,1,0.475,0.505,0.995,Mehlhaff,InParty,Democracy,Democratic,Republican,Democrat,Republican,Democratic,Democrat,investigate,2,43,"Bachelor's degree (for example: BA, AB, BS)",Female,Finance,Married,Democrat,"Yes, another Hispanic, Latino, or Spanish origin – (for example, Salvadoran, Dominican, Colombian, Guatemalan, Spaniard, Ecuadorian, etc.)",Woman,United States,"$125,000-$149,999",White,Full-time
"Yes, I consent to participate.",Democrat,NA,Strong,NA,Yes,No,Restructuring the state’s highest court to favor the party in power,25,85,Very important,12,95,55,75,64,Uncomfortable,Somewhat uncomfortable,Neither comfortable nor uncomfortable,Likely,Democrat,The governor took action to gain an electoral advantage or to respond to similar actions taken by the other party in the past.,NA,NA,NA,NA,100,47,50,98,NA,NA,NA,NA,3F2E43A730E14FA6A0419511B570C8CA,019de9a0-815d-7c1f-99ce-c5592b505851,019de1ab-afed-72b0-99bf-23a6aa89592d,1,0.475,0.505,0.995,Mehlhaff,InParty,Electoral,Democratic,Republican,Democrat,Republican,Democratic,Democrat,courts,1,43,"Associate degree (for example: AA, AS)",Female,Manufacturing,In a relationship,Democrat,"No, not of Hispanic, Latino, or Spanish origin",Woman,United States,"$50,000-$59,999",Black or African American,Full-time
"Yes, I consent to participate.",Republican,NA,Strong,NA,Yes,Yes,Manipulating geographic boundaries of election districts,64,75,Neither important nor unimportant,62,64,64,71,64,Somewhat comfortable,Neither comfortable nor uncomfortable,Neither comfortable nor uncomfortable,Neither likely nor unlikely,Democrat,The governor took action to gain an electoral advantage or to respond to similar actions taken by the other party in the past.,67,63,68,67,NA,NA,NA,NA,NA,NA,NA,NA,53D048147D974F259312A2BD27A32ABB,019de9a0-71c2-7059-9d31-a7662d7aea2b,019de1ab-afed-72b0-99bf-23a6aa89592d,1,0.475,0.505,0.995,OW,OutParty,Electoral,Republican,Democratic,Republican,Democrat,Democratic,Democrat,redistrict,0,72,"Bachelor's degree (for example: BA, AB, BS)",Male,Manufacturing,Married,Republican,"No, not of Hispanic, Latino, or Spanish origin",Man,United States,"$60,000-$69,999",White,Full-time
"Yes, I consent to participate.",Republican,NA,Not Very Strong,NA,No,No,Restructuring the state’s highest court to favor the party in power,73,34,Very important,71,5,30,84,64,Very comfortable,Very Comfortable,Very comfortable,Likely,Democrat,The governor took action in an effort to reshape democratic norms and institutions.,NA,NA,NA,NA,100,0,0,100,NA,NA,NA,NA,DAB1072AF9F548579D685778FFF62520,019de9a0-19f5-764c-8639-0bec98930bd6,019de1ab-afed-72b0-99bf-23a6aa89592d,1,0.465,0.505,0.995,OW,Control,Democracy,Republican,Democratic,Republican,Democrat,NA,NA,courts,1,62,"Bachelor's degree (for example: BA, AB, BS)",Female,Information Technology,Divorced,Republican,"No, not of Hispanic, Latino, or Spanish origin",Woman,United States,"$90,000-$99,999",White,Full-time
"Yes, I consent to participate.",No preference,NA,NA,Neither,Yes,Yes,Manipulating geographic boundaries of election districts,70,70,Important,77,11,61,65,64,Neither comfortable nor uncomfortable,Neither comfortable nor uncomfortable,Neither comfortable nor uncomfortable,Neither likely nor unlikely,Democrat,The governor took action to gain an electoral advantage or to respond to similar actions taken by the other party in the past.,NA,NA,NA,NA,100,48,50,100,NA,NA,NA,NA,5BE3BD0F99B34C518735CD7E076A7339,019de9a6-8b8d-72b2-bfb3-14f72ff2ca4b,019de1ab-afed-72b0-99bf-23a6aa89592d,1,0.475,0.505,0.995,OW,OutParty,Democracy,Republican,Democratic,Republican,Democrat,Democratic,Democrat,redistrict,2,23,"Some college, but no degree",Male,Education & Training,Single,Prefer not to say,"Yes, Cuban",Man,United States,Prefer not to say,An ethnicity not listed here,Part-time
"Yes, I consent to participate.",Republican,NA,Strong,NA,No,No,Manipulating geographic boundaries of election districts,90,10,Very important,0,50,75,100,64,Neither comfortable nor uncomfortable,Comfortable,Neither comfortable nor uncomfortable,Very unlikely,Democrat,The governor took action in an effort to reshape democratic norms and institutions.,NA,NA,NA,NA,0,80,90,100,NA,NA,NA,NA,8ACA60070AC94E9AA3C66F555D375A0F,019de9a5-92e9-7912-96da-8ae9a42c9c54,019de1ab-afed-72b0-99bf-23a6aa89592d,1,0.475,0.505,0.995,OW,OutParty,Democracy,Republican,Democratic,Republican,Democrat,Democratic,Democrat,redistrict,1,34,"Associate degree (for example: AA, AS)",Female,Information Technology,Married,Republican,"Yes, another Hispanic, Latino, or Spanish origin – (for example, Salvadoran, Dominican, Colombian, Guatemalan, Spaniard, Ecuadorian, etc.)",Woman,United States,"$125,000-$149,999",An ethnicity not listed here,Full-time
"Yes, I consent to participate.",Republican,NA,Not Very Strong,NA,Yes,No,Manipulating geographic boundaries of election districts,75,25,Very important,95,75,65,90,64,Somewhat uncomfortable,Neither comfortable nor uncomfortable,Neither comfortable nor uncomfortable,Likely,Republican,The governor took action to gain an electoral advantage or to respond to similar actions taken by the other party in the past.,NA,NA,NA,NA,100,47,51,100,NA,NA,NA,NA,6E3A95F858A34971B5FE05904CD940C7,019de998-f6d2-77b3-b97f-248c4a002b11,019de1ab-afed-72b0-99bf-23a6aa89592d,1,0.465,0.505,0.995,OW,InParty,Electoral,Republican,Democratic,Republican,Democrat,Republican,Republican,redistrict,3,40,"Bachelor's degree (for example: BA, AB, BS)",Female,Business Management & Administration,Married,Prefer not to say,"No, not of Hispanic, Latino, or Spanish origin",Woman,United States,"$150,000-$174,999",An ethnicity not listed here,Full-time
"Yes, I consent to participate.",Independent,NA,NA,Closer to Republican Party,No,No,Banning political rallies,50,0,Very important,9,14,20,50,64,Very uncomfortable,Very uncomfortable,Very uncomfortable,Neither likely nor unlikely,Not specified,The governor took action to gain an electoral advantage or to respond to similar actions taken by the other party in the past.,NA,NA,NA,NA,100,43,16,94,NA,NA,NA,NA,C26E207D61F94497895EF589F2E6CF26,019de99d-fd5d-7eb1-aa77-a26d12d7f757,019de1ab-afed-72b0-99bf-23a6aa89592d,1,0.475,0.505,0.995,Mehlhaff,Control,Electoral,Republican,Democratic,Republican,Democrat,NA,NA,rallies,2,30,High school graduate - high school diploma or the equivalent (for example: GED),Male,Architecture and Construction,Single,Independent,"No, not of Hispanic, Latino, or Spanish origin",Man,United States,"$40,000-$49,999",Vietnamese,Full-time
"Yes, I consent to participate.",Democrat,NA,Strong,NA,No,No,Restructuring the state’s highest court to favor the party in power,0,100,Very important,60,30,30,60,64,Uncomfortable,Uncomfortable,Uncomfortable,Somewhat likely,Not specified,The governor took action in an effort to reshape democratic norms and institutions.,NA,NA,NA,NA,80,40,40,80,NA,NA,NA,NA,B39A3CDC76344510A3954EDB6AD5A86E,019de99e-90bc-7d7b-a010-fe77a6a607d1,019de1ab-afed-72b0-99bf-23a6aa89592d,1,0.475,0.505,0.995,Mehlhaff,Control,Democracy,Democratic,Republican,Democrat,Republican,NA,NA,courts,1,78,High school graduate - high school diploma or the equivalent (for example: GED),Female,Retired,Married,Democrat,"No, not of Hispanic, Latino, or Spanish origin",Woman,United States,"$20,000-$29,999",White,Retired
"Yes, I consent to participate.",Independent,NA,NA,Closer to Democratic Party,Yes,No,Directing law enforcement to investigate politicians of the opposing party,50,50,Very important,95,10,10,50,64,Very comfortable,Very Comfortable,Very comfortable,Neither likely nor unlikely,Republican,The governor took action in an effort to reshape democratic norms and institutions.,95,10,10,50,NA,NA,NA,NA,NA,NA,NA,NA,E5FDA063D4F742C29BE5A7046451FE73,019de9a5-50d1-7eef-b1da-e8d81e25e048,019de1ab-afed-72b0-99bf-23a6aa89592d,1,0.475,0.505,0.995,Mehlhaff,Control,Policy,Democratic,Republican,Democrat,Republican,NA,NA,investigate,0,60,"Bachelor's degree (for example: BA, AB, BS)",Male,Other,Divorced,Independent,"No, not of Hispanic, Latino, or Spanish origin",Man,United States,"$10,000-$19,999",White,Student
"Yes, I consent to participate.",Republican,NA,Not Very Strong,NA,Yes,No,Prosecuting journalists for unfair news coverage,50,0,Very important,100,10,75,90,64,Very comfortable,Very Comfortable,Somewhat comfortable,Very unlikely,Republican,The governor took action in an effort to reshape democratic norms and institutions.,NA,NA,NA,NA,100,46,80,90,NA,NA,NA,NA,0870B39E7CB348DBB74699311458D574,019de997-2c2f-7ea2-994a-b49712b4747d,019de1ab-afed-72b0-99bf-23a6aa89592d,1,0.465,0.505,0.995,OW,InParty,Democracy,Republican,Democratic,Republican,Democrat,Republican,Republican,media,3,30,"Associate degree (for example: AA, AS)",Male,Other,Single,Republican,"No, not of Hispanic, Latino, or Spanish origin",Man,United States,"$90,000-$99,999",Black or African American,Business Owner
"Yes, I consent to participate.",Democrat,NA,Strong,NA,Yes,No,Directing law enforcement to investigate politicians of the opposing party,0,100,Very important,80,76,0,8,64,Very uncomfortable,Very uncomfortable,Very uncomfortable,Very unlikely,Republican,The governor took action to gain an electoral advantage or to respond to similar actions taken by the other party in the past.,90,50,0,4,NA,NA,NA,NA,NA,NA,NA,NA,969B226123EE405FB348102D28E2C43C,019de9a8-19c1-749c-a5a4-ca67cef1f096,019de1ab-afed-72b0-99bf-23a6aa89592d,1,0.475,0.505,0.995,OW,OutParty,Policy,Democratic,Republican,Democrat,Republican,Republican,Republican,investigate,0,38,"Bachelor's degree (for example: BA, AB, BS)",Male,Information Technology,Single,Democrat,"Yes, Puerto Rican",Man,United States,"$125,000-$149,999",Black or African American,Full-time
"Yes, I consent to participate.",Democrat,NA,Strong,NA,Yes,No,Restructuring the state’s highest court to favor the party in power,5,93,Very important,92,10,29,50,64,Somewhat uncomfortable,Somewhat uncomfortable,Neither comfortable nor uncomfortable,Somewhat likely,Not specified,The governor took action in an effort to reshape democratic norms and institutions.,93,10,23,50,NA,NA,NA,NA,NA,NA,NA,NA,2A0C5AA02E70471EACA4709168787445,019de9a4-e1cd-7cef-b864-b53a1c209c03,019de1ab-afed-72b0-99bf-23a6aa89592d,1,0.475,0.505,0.995,Mehlhaff,Control,Policy,Democratic,Republican,Democrat,Republican,NA,NA,courts,0,38,"Associate degree (for example: AA, AS)",Female,Other,Divorced,Independent,"No, not of Hispanic, Latino, or Spanish origin",Woman,United States,"$60,000-$69,999",American Indian or Alaska Native,Full-time
"Yes, I consent to participate.",Independent,NA,NA,Closer to Republican Party,No,No,Restructuring the state’s highest court to favor the party in power,52,45,Very important,100,68,55,100,64,Very comfortable,Very Comfortable,Very comfortable,Neither likely nor unlikely,Not specified,The governor took action to pursue a specific policy outcome.,NA,NA,NA,NA,100,100,100,100,NA,NA,NA,NA,6FAF0EB192A6460BB1E43595CE3845CC,019de99e-fcb6-7590-a109-4d8797e60d13,019de1ab-afed-72b0-99bf-23a6aa89592d,1,0.465,0.505,0.995,OW,Control,Electoral,Republican,Democratic,Republican,Democrat,NA,NA,courts,2,78,"Bachelor's degree (for example: BA, AB, BS)",Male,Retired,Widowed,Independent,"No, not of Hispanic, Latino, or Spanish origin",Man,United States,"$20,000-$29,999",White,Retired
"Yes, I consent to participate.",Independent,NA,NA,Neither,Yes,No,Manipulating geographic boundaries of election districts,50,50,Very important,71,40,50,50,64,Neither comfortable nor uncomfortable,Neither comfortable nor uncomfortable,Neither comfortable nor uncomfortable,Neither likely nor unlikely,Democrat,The governor took action to gain an electoral advantage or to respond to similar actions taken by the other party in the past.,NA,NA,NA,NA,0,100,100,100,NA,NA,NA,NA,4B0C0D20D6F44AF09A9CA0E802ED0C97,019de9a4-40d4-7d48-a649-08dba341d5e6,019de1ab-afed-72b0-99bf-23a6aa89592d,1,0.475,0.505,0.995,Mehlhaff,OutParty,Policy,Republican,Democratic,Republican,Democrat,Democratic,Democrat,redistrict,2,21,High school graduate - high school diploma or the equivalent (for example: GED),Female,Other,In a relationship,Independent,"No, not of Hispanic, Latino, or Spanish origin",Woman,United States,"$125,000-$149,999",Black or African American,Full-time
"Yes, I consent to participate.",Independent,NA,NA,Neither,Yes,No,Manipulating geographic boundaries of election districts,45,1,Somewhat important,50,28,50,50,64,Somewhat comfortable,Somewhat comfortable,Somewhat comfortable,Somewhat likely,Republican,The governor took action to gain an electoral advantage or to respond to similar actions taken by the other party in the past.,NA,NA,NA,NA,0,47,50,100,NA,NA,NA,NA,76F6110EC13F41B4AA553084A36BD4D6,019de9a6-17ad-7153-8f1f-c59096cb9123,019de1ab-afed-72b0-99bf-23a6aa89592d,1,0.475,0.505,0.995,Mehlhaff,InParty,Policy,Republican,Democratic,Republican,Democrat,Republican,Republican,redistrict,3,49,High school graduate - high school diploma or the equivalent (for example: GED),Male,Hospitality & Tourism,In a relationship,Independent,"Yes, Mexican, Mexican Am., Chicano",Man,United States,"$100,000-$124,999",American Indian or Alaska Native,Full-time
"Yes, I consent to participate.",Democrat,NA,Not Very Strong,NA,Yes,No,Banning political rallies,20,70,Somewhat important,100,30,18,35,64,Neither comfortable nor uncomfortable,Uncomfortable,Neither comfortable nor uncomfortable,Unlikely,Democrat,The governor took action to gain an electoral advantage or to respond to similar actions taken by the other party in the past.,NA,NA,NA,NA,100,47,50,100,NA,NA,NA,NA,36ACC566B1524011B5D4351AFB9A6B01,019de9a8-ce46-7d4f-9b15-7bcbabfcecfe,019de1ab-afed-72b0-99bf-23a6aa89592d,1,0.475,0.505,0.995,OW,Control,Electoral,Democratic,Republican,Democrat,Republican,NA,NA,rallies,2,26,High school graduate - high school diploma or the equivalent (for example: GED),Male,Finance,Single,Democrat,"No, not of Hispanic, Latino, or Spanish origin",Man,United States,"$20,000-$29,999",Black or African American,Full-time
"Yes, I consent to participate.",Democrat,NA,Not Very Strong,NA,Yes,Yes,Prosecuting journalists for unfair news coverage,3,76,Important,71,64,30,16,64,Uncomfortable,Neither comfortable nor uncomfortable,Neither comfortable nor uncomfortable,Somewhat likely,Not specified,The governor took action in an effort to reshape democratic norms and institutions.,NA,NA,NA,NA,60,66,27,25,NA,NA,NA,NA,5FC9FBB1DF884DCABE12B8C8F8664341,019de9a6-6097-77f6-939c-1bbfe81568d3,019de1ab-afed-72b0-99bf-23a6aa89592d,1,0.475,0.505,0.995,Mehlhaff,Control,Electoral,Democratic,Republican,Democrat,Republican,NA,NA,media,2,33,"Bachelor's degree (for example: BA, AB, BS)",Male,"Science, Technology, Engineering & Mathematics",Single,Democrat,"No, not of Hispanic, Latino, or Spanish origin",Man,United States,"$50,000-$59,999",Chinese,Full-time
"Yes, I consent to participate.",Independent,NA,NA,Closer to Democratic Party,Yes,No,Restructuring the state’s highest court to favor the party in power,61,87,Somewhat important,61,25,37,60,64,Somewhat uncomfortable,Neither comfortable nor uncomfortable,Somewhat comfortable,Somewhat likely,Democrat,The governor took action to gain an electoral advantage or to respond to similar actions taken by the other party in the past.,NA,NA,NA,NA,98,95,43,94,NA,NA,NA,NA,2604AEDCA66E4E3CB0C6AEF7FE609223,019de9a7-b61d-7381-9408-c86bbec7255a,019de1ab-afed-72b0-99bf-23a6aa89592d,1,0.475,0.505,0.995,Mehlhaff,InParty,Electoral,Democratic,Republican,Democrat,Republican,Democratic,Democrat,courts,3,58,"Bachelor's degree (for example: BA, AB, BS)",Female,Information Technology,Divorced,Independent,"No, not of Hispanic, Latino, or Spanish origin",Woman,United States,"$50,000-$59,999",Black or African American,Retired
"Yes, I consent to participate.",Republican,NA,Strong,NA,Yes,Yes,Prosecuting journalists for unfair news coverage,94,88,Somewhat important,63,65,71,72,64,Uncomfortable,Somewhat comfortable,Somewhat comfortable,Somewhat likely,Republican,The governor took action to gain an electoral advantage or to respond to similar actions taken by the other party in the past.,NA,NA,NA,NA,64,70,62,62,NA,NA,NA,NA,F5BEDA0AB67243B68A559AB3B7CA7BA8,019de9a0-1f56-793b-9e9a-f9d9b8c260de,019de1ab-afed-72b0-99bf-23a6aa89592d,1,0.475,0.505,0.995,Mehlhaff,InParty,Electoral,Republican,Democratic,Republican,Democrat,Republican,Republican,media,1,40,"Bachelor's degree (for example: BA, AB, BS)",Female,Business Management & Administration,Married,Republican,"No, not of Hispanic, Latino, or Spanish origin",Woman,United States,"$60,000-$69,999",Black or African American,Full-time
"Yes, I consent to participate.",Democrat,NA,Strong,NA,Yes,No,Manipulating geographic boundaries of election districts,0,100,Neither important nor unimportant,61,20,40,19,64,Uncomfortable,Very uncomfortable,Somewhat uncomfortable,Likely,Not specified,The governor took action to pursue a specific policy outcome.,NA,NA,NA,NA,53,42,37,86,NA,NA,NA,NA,0BEFCC80AF4F430E94FA8EBDB06D6900,019de999-f4f6-7ad8-9bc2-cf5bc29ac817,019de1ab-afed-72b0-99bf-23a6aa89592d,1,0.475,0.505,0.995,Mehlhaff,Control,Electoral,Democratic,Republican,Democrat,Republican,NA,NA,redistrict,1,22,"Some college, but no degree",Female,NA,Single,Democrat,"No, not of Hispanic, Latino, or Spanish origin",Woman,United States,"$30,000-$39,999",Black or African American,"Not in paid work (e.g., homemaker, disabled)"
"Yes, I consent to participate.",Democrat,NA,Not Very Strong,NA,No,No,Manipulating geographic boundaries of election districts,38,87,Very important,64,47,85,41,64,Neither comfortable nor uncomfortable,Somewhat comfortable,Somewhat comfortable,Somewhat likely,Democrat,The governor took action to gain an electoral advantage or to respond to similar actions taken by the other party in the past.,NA,NA,NA,NA,100,94,100,100,NA,NA,NA,NA,AD2AE1531F4542D7977976E8D6CC123A,019de9a4-b3c7-7228-bf4e-a0082fe499e6,019de1ab-afed-72b0-99bf-23a6aa89592d,1,0.475,0.505,0.995,Mehlhaff,InParty,Democracy,Democratic,Republican,Democrat,Republican,Democratic,Democrat,redistrict,1,37,"Some college, but no degree",Female,Other,Married,Democrat,"No, not of Hispanic, Latino, or Spanish origin",Woman,United States,"$50,000-$59,999",Black or African American,Full-time
"Yes, I consent to participate.",Independent,NA,NA,Neither,Yes,No,Restructuring the state’s highest court to favor the party in power,50,50,Neither important nor unimportant,74,76,70,50,64,Neither comfortable nor uncomfortable,Neither comfortable nor uncomfortable,Neither comfortable nor uncomfortable,Neither likely nor unlikely,Not specified,The governor took action to gain an electoral advantage or to respond to similar actions taken by the other party in the past.,NA,NA,NA,NA,73,62,61,50,NA,NA,NA,NA,DB8170B7B2A44F9D9E6B3A6154E948D5,019de9a8-657f-73fe-8379-b301122f2abf,019de1ab-afed-72b0-99bf-23a6aa89592d,1,0.475,0.505,0.995,OW,OutParty,Electoral,Republican,Democratic,Republican,Democrat,Democratic,Democrat,courts,3,31,"Associate degree (for example: AA, AS)",Female,Information Technology,Married,Something else,"Yes, Mexican, Mexican Am., Chicano",Woman,United States,"$90,000-$99,999",White,Student
"Yes, I consent to participate.",Democrat,NA,Strong,NA,Yes,No,Manipulating geographic boundaries of election districts,0,80,Very important,80,30,60,80,64,Very uncomfortable,Very uncomfortable,Uncomfortable,Very unlikely,Republican,The governor took action to gain an electoral advantage or to respond to similar actions taken by the other party in the past.,NA,NA,NA,NA,100,59,50,90,NA,NA,NA,NA,1622AF8EE4EE443AA49A981DF47B3F20,019de9a9-2c3e-763a-8b4b-7630baddfc31,019de1ab-afed-72b0-99bf-23a6aa89592d,1,0.475,0.505,0.995,Mehlhaff,OutParty,Democracy,Democratic,Republican,Democrat,Republican,Republican,Republican,redistrict,1,62,"Bachelor's degree (for example: BA, AB, BS)",Female,Legal,Divorced,Democrat,"No, not of Hispanic, Latino, or Spanish origin",Woman,United States,"$175,000-$199,999",White,Full-time
"Yes, I consent to participate.",Democrat,NA,Not Very Strong,NA,Yes,No,Restructuring the state’s highest court to favor the party in power,32,98,Somewhat important,90,0,100,50,64,Neither comfortable nor uncomfortable,Somewhat comfortable,Somewhat uncomfortable,Likely,Not specified,The governor took action to pursue a specific policy outcome.,NA,NA,NA,NA,92,47,51,100,NA,NA,NA,NA,21CB0CFC3DF442F8BBD6CE5DAE7EDEC5,019de9a8-2b43-7733-bfe5-b3918ec605be,019de1ab-afed-72b0-99bf-23a6aa89592d,1,0.475,0.505,0.995,OW,Control,Democracy,Democratic,Republican,Democrat,Republican,NA,NA,courts,2,25,"Bachelor's degree (for example: BA, AB, BS)",Female,Retail,In a relationship,Democrat,"No, not of Hispanic, Latino, or Spanish origin",Woman,United States,"$100,000-$124,999",Black or African American,Part-time
"Yes, I consent to participate.",Republican,NA,Not Very Strong,NA,Yes,No,Restructuring the state’s highest court to favor the party in power,75,50,Important,90,50,50,50,64,Neither comfortable nor uncomfortable,Neither comfortable nor uncomfortable,Neither comfortable nor uncomfortable,Likely,Not specified,The governor took action in an effort to reshape democratic norms and institutions.,NA,NA,NA,NA,100,47,50,99,NA,NA,NA,NA,7276F172430D4C8D8F2F2C2E131F0FAB,019de9a0-9510-7043-aa3e-4d5106436e93,019de1ab-afed-72b0-99bf-23a6aa89592d,1,0.475,0.505,0.995,OW,Control,Policy,Republican,Democratic,Republican,Democrat,NA,NA,courts,1,23,"Bachelor's degree (for example: BA, AB, BS)",Male,Information Technology,Married,Prefer not to say,"No, not of Hispanic, Latino, or Spanish origin",Man,United States,"$100,000-$124,999",Black or African American,Full-time
"Yes, I consent to participate.",Republican,NA,Not Very Strong,NA,No,No,Prosecuting journalists for unfair news coverage,80,25,Very important,80,20,90,100,64,Very comfortable,Very Comfortable,Very comfortable,Neither likely nor unlikely,Democrat,The governor took action to pursue a specific policy outcome.,NA,NA,NA,NA,100,20,90,100,NA,NA,NA,NA,8534E43BD6BB4A11B44C4FE602A4909F,019de9a6-dbac-7591-a1e8-effa353f72b2,019de1ab-afed-72b0-99bf-23a6aa89592d,1,0.475,0.505,0.995,Mehlhaff,OutParty,Electoral,Republican,Democratic,Republican,Democrat,Democratic,Democrat,media,2,63,"Some college, but no degree",Female,Medicine,Divorced,Republican,"No, not of Hispanic, Latino, or Spanish origin",Woman,United States,"$90,000-$99,999",White,Business Owner
"Yes, I consent to participate.",Independent,NA,NA,Closer to Republican Party,Yes,No,Manipulating geographic boundaries of election districts,60,23,Important,35,22,33,64,64,Somewhat comfortable,Somewhat comfortable,Comfortable,Neither likely nor unlikely,Not specified,The governor took action in an effort to reshape democratic norms and institutions.,35,22,32,62,NA,NA,NA,NA,NA,NA,NA,NA,2A9581D4734B4287A79DFF132F731BC5,019de9aa-f0e0-7582-aa07-86d4c68012c1,019de1ab-afed-72b0-99bf-23a6aa89592d,1,0.475,0.505,0.995,OW,Control,Electoral,Republican,Democratic,Republican,Democrat,NA,NA,redistrict,0,36,High school graduate - high school diploma or the equivalent (for example: GED),Male,I’d Rather Not Say,Single,Independent,"No, not of Hispanic, Latino, or Spanish origin",Man,United States,"Less than $10,000",Japanese,Prefer not to say
"Yes, I consent to participate.",Democrat,NA,Strong,NA,No,No,Prosecuting journalists for unfair news coverage,0,100,Neither important nor unimportant,50,50,50,41,64,Uncomfortable,Uncomfortable,Uncomfortable,Neither likely nor unlikely,Not specified,The governor took action in an effort to reshape democratic norms and institutions.,NA,NA,NA,NA,50,48,56,73,NA,NA,NA,NA,2FF5BACA9E364EC4809E8BF7482F441F,019de9a4-02cf-7f83-bf81-1564a86b2e81,019de1ab-afed-72b0-99bf-23a6aa89592d,1,0.475,0.505,0.995,Mehlhaff,OutParty,Democracy,Democratic,Republican,Democrat,Republican,Republican,Republican,media,3,56,High school graduate - high school diploma or the equivalent (for example: GED),Female,Retail,Single,Democrat,"No, not of Hispanic, Latino, or Spanish origin",Woman,United States,"$30,000-$39,999",Black or African American,Full-time
"Yes, I consent to participate.",Democrat,NA,Strong,NA,No,No,Directing law enforcement to investigate politicians of the opposing party,0,100,Very important,90,0,0,50,64,Neither comfortable nor uncomfortable,Neither comfortable nor uncomfortable,Neither comfortable nor uncomfortable,Likely,Democrat,The governor took action to pursue a specific policy outcome.,NA,NA,NA,NA,90,40,30,50,NA,NA,NA,NA,3F872CA457414E9DAB556BDEF6F9334E,019de99e-75a1-797c-a99b-e4eeba7acd24,019de1ab-afed-72b0-99bf-23a6aa89592d,1,0.465,0.505,0.995,OW,InParty,Policy,Democratic,Republican,Democrat,Republican,Democratic,Democrat,investigate,1,38,"Some college, but no degree",Female,Hospitality & Tourism,In a relationship,Democrat,"Yes, Mexican, Mexican Am., Chicano",Woman,United States,"$80,000-$89,999",White,"Not in paid work (e.g., homemaker, disabled)"
"Yes, I consent to participate.",Democrat,NA,Strong,NA,Yes,No,Prosecuting journalists for unfair news coverage,3,88,Very important,98,15,85,89,64,Somewhat uncomfortable,Neither comfortable nor uncomfortable,Neither comfortable nor uncomfortable,Very unlikely,Republican,The governor took action to gain an electoral advantage or to respond to similar actions taken by the other party in the past.,NA,NA,NA,NA,100,100,87,100,NA,NA,NA,NA,2548BE26DE634DA9B12AFF51A1D57D88,019de9a7-779f-7b80-a93c-582325335228,019de1ab-afed-72b0-99bf-23a6aa89592d,1,0.475,0.505,0.995,Mehlhaff,OutParty,Democracy,Democratic,Republican,Democrat,Republican,Republican,Republican,media,1,74,"Master's degree (for example: MA, MS, MEng, MEd, MSW, MBA)",Male,Retired,Married,Democrat,"No, not of Hispanic, Latino, or Spanish origin",Man,United States,"$70,000-$79,999",White,Retired
"Yes, I consent to participate.",Independent,NA,NA,Neither,Yes,No,Prosecuting journalists for unfair news coverage,53,37,Very important,73,24,34,39,64,Neither comfortable nor uncomfortable,Neither comfortable nor uncomfortable,Neither comfortable nor uncomfortable,Somewhat unlikely,Not specified,The governor took action to pursue a specific policy outcome.,NA,NA,NA,NA,72,40,67,66,NA,NA,NA,NA,F0F2200E1AAC49F6845430E1D9BB9102,019de9a7-ac08-7227-9b5d-1ad58b90b69e,019de1ab-afed-72b0-99bf-23a6aa89592d,1,0.475,0.505,0.995,Mehlhaff,Control,Democracy,Democratic,Republican,Democrat,Republican,NA,NA,media,2,42,"Master's degree (for example: MA, MS, MEng, MEd, MSW, MBA)",Female,Education & Training,Single,Independent,"No, not of Hispanic, Latino, or Spanish origin",Woman,United States,"$70,000-$79,999",Vietnamese,Full-time
"Yes, I consent to participate.",Independent,NA,NA,Neither,No,No,Restructuring the state’s highest court to favor the party in power,50,60,Very important,70,30,50,20,64,Comfortable,Comfortable,Comfortable,Neither likely nor unlikely,Democrat,The governor took action to gain an electoral advantage or to respond to similar actions taken by the other party in the past.,70,30,50,20,NA,NA,NA,NA,NA,NA,NA,NA,75A22CDEC1B94664ACA89626C223F517,019de9a8-b307-79c9-b1d0-31f941cdb734,019de1ab-afed-72b0-99bf-23a6aa89592d,1,0.475,0.505,0.995,Mehlhaff,OutParty,Policy,Republican,Democratic,Republican,Democrat,Democratic,Democrat,courts,0,46,High school graduate - high school diploma or the equivalent (for example: GED),Female,Other,Married,Something else,"Yes, another Hispanic, Latino, or Spanish origin – (for example, Salvadoran, Dominican, Colombian, Guatemalan, Spaniard, Ecuadorian, etc.)",Woman,United States,"$70,000-$79,999",White,"Not in paid work (e.g., homemaker, disabled)"
"Yes, I consent to participate.",Republican,NA,Not Very Strong,NA,Yes,Yes,Banning political rallies,70,40,Important,60,40,60,100,64,Comfortable,Somewhat comfortable,Comfortable,Somewhat likely,Republican,The governor took action to pursue a specific policy outcome.,NA,NA,NA,NA,100,50,60,100,NA,NA,NA,NA,1716AE08B0714AE09C90A2B75A8832B8,019de99a-8bd0-7cf9-8373-cabc40ce6582,019de1ab-afed-72b0-99bf-23a6aa89592d,1,0.475,0.505,0.995,OW,InParty,Policy,Republican,Democratic,Republican,Democrat,Republican,Republican,rallies,3,22,"Bachelor's degree (for example: BA, AB, BS)",Male,Information Technology,Single,Republican,"No, not of Hispanic, Latino, or Spanish origin",Man,United States,"$70,000-$79,999",Black or African American,Full-time
"Yes, I consent to participate.",Democrat,NA,Not Very Strong,NA,No,No,Directing law enforcement to investigate politicians of the opposing party,30,60,Somewhat important,100,100,70,71,64,Somewhat uncomfortable,Somewhat uncomfortable,Somewhat uncomfortable,Somewhat unlikely,Democrat,The governor took action to pursue a specific policy outcome.,NA,NA,NA,NA,100,29,78,67,NA,NA,NA,NA,EBC1FB9D112E4A2888C501500F1DF049,019de9a7-88c9-76a3-9ee9-23698a76e4e4,019de1ab-afed-72b0-99bf-23a6aa89592d,1,0.475,0.505,0.995,Mehlhaff,InParty,Electoral,Democratic,Republican,Democrat,Republican,Democratic,Democrat,investigate,3,40,"Bachelor's degree (for example: BA, AB, BS)",Female,Other,Married,Democrat,"No, not of Hispanic, Latino, or Spanish origin",Woman,United States,"$50,000-$59,999",Black or African American,Full-time
"Yes, I consent to participate.",Republican,NA,Strong,NA,Yes,No,Banning political rallies,71,25,Important,78,88,67,63,64,Somewhat comfortable,Uncomfortable,Somewhat uncomfortable,Somewhat likely,Republican,The governor took action to gain an electoral advantage or to respond to similar actions taken by the other party in the past.,NA,NA,NA,NA,63,66,63,83,NA,NA,NA,NA,9C2F139BFFB54695BF441277B44E7CCD,019de9a9-d1d2-7fc6-a8d3-7bc088e44af9,019de1ab-afed-72b0-99bf-23a6aa89592d,1,0.475,0.505,0.995,OW,InParty,Policy,Republican,Democratic,Republican,Democrat,Republican,Republican,rallies,1,61,High school graduate - high school diploma or the equivalent (for example: GED),Male,Information Technology,Married,Republican,"No, not of Hispanic, Latino, or Spanish origin",Man,United States,"$30,000-$39,999",White,Full-time
"Yes, I consent to participate.",Democrat,NA,Not Very Strong,NA,Yes,No,Prosecuting journalists for unfair news coverage,40,60,Somewhat important,60,70,50,60,64,Somewhat comfortable,Somewhat comfortable,Somewhat comfortable,Somewhat likely,Democrat,The governor took action to pursue a specific policy outcome.,NA,NA,NA,NA,70,65,50,85,NA,NA,NA,NA,AAD10CBDF2ED4FD3B6F8675153C966F9,019de99e-2bcf-74f9-8844-19d0167c2e5a,019de1ab-afed-72b0-99bf-23a6aa89592d,1,0.475,NA,0.995,Mehlhaff,InParty,Democracy,Democratic,Republican,Democrat,Republican,Democratic,Democrat,media,2,36,"Bachelor's degree (for example: BA, AB, BS)",Male,"Science, Technology, Engineering & Mathematics",NA,Democrat,"No, not of Hispanic, Latino, or Spanish origin",Man,United States,"$150,000-$174,999",Black or African American,Full-time
"Yes, I consent to participate.",Independent,NA,NA,Closer to Republican Party,Yes,No,Prosecuting journalists for unfair news coverage,50,5,Important,0,50,48,70,64,Uncomfortable,Somewhat uncomfortable,Neither comfortable nor uncomfortable,Neither likely nor unlikely,Not specified,The governor took action to gain an electoral advantage or to respond to similar actions taken by the other party in the past.,NA,NA,NA,NA,0,72,51,100,NA,NA,NA,NA,9696FCC6AC3345178BE1523A37625CB2,019de99f-a09f-71dd-a1f4-f5b0ed709daf,019de1ab-afed-72b0-99bf-23a6aa89592d,1,0.475,0.505,0.995,OW,Control,Democracy,Republican,Democratic,Republican,Democrat,NA,NA,media,3,49,"Bachelor's degree (for example: BA, AB, BS)",Male,Finance,Single,Independent,"No, not of Hispanic, Latino, or Spanish origin",Man,United States,"$70,000-$79,999",Chinese,Business Owner
"Yes, I consent to participate.",Independent,NA,NA,Neither,Yes,No,Banning political rallies,76,5,Very important,0,62,100,100,64,Very comfortable,Very Comfortable,Very comfortable,Very likely,Republican,The governor took action to pursue a specific policy outcome.,NA,NA,NA,NA,0,0,100,100,NA,NA,NA,NA,6C67505D5D7C4FFA8E220504D91DB9CA,019de9ac-2ba8-718b-9f1f-30dee043c1bb,019de1ab-afed-72b0-99bf-23a6aa89592d,1,0.475,0.505,0.995,Mehlhaff,OutParty,Democracy,Democratic,Republican,Democrat,Republican,Republican,Republican,rallies,3,65,"Bachelor's degree (for example: BA, AB, BS)",Male,Business Management & Administration,Single,Independent,"No, not of Hispanic, Latino, or Spanish origin",Man,United States,"Less than $10,000",White,Business Owner
"Yes, I consent to participate.",Democrat,NA,Strong,NA,Yes,No,Prosecuting journalists for unfair news coverage,2,50,Very important,92,8,50,100,64,Somewhat uncomfortable,Neither comfortable nor uncomfortable,Comfortable,Very unlikely,Democrat,The governor took action to gain an electoral advantage or to respond to similar actions taken by the other party in the past.,NA,NA,NA,NA,100,17,50,100,NA,NA,NA,NA,FBFFA9668C5A42609AC128588D065E25,019de9ab-417e-773c-b394-6b3c975dff69,019de1ab-afed-72b0-99bf-23a6aa89592d,1,0.475,0.505,0.995,Mehlhaff,InParty,Electoral,Democratic,Republican,Democrat,Republican,Democratic,Democrat,media,2,75,"Some college, but no degree",Female,Retired,Single,Independent,"No, not of Hispanic, Latino, or Spanish origin",Woman,United States,"$20,000-$29,999",White,Retired
"Yes, I consent to participate.",Republican,NA,Strong,NA,Yes,Unsure,Manipulating geographic boundaries of election districts,87,63,Somewhat important,77,70,80,83,64,Uncomfortable,Somewhat comfortable,Somewhat comfortable,Somewhat likely,Democrat,The governor took action in an effort to reshape democratic norms and institutions.,NA,NA,NA,NA,100,47,51,99,NA,NA,NA,NA,589E0FBC36AE45B2BE7A2DA09348F396,019de9ab-5146-7d14-aedb-b7b5caa7d998,019de1ab-afed-72b0-99bf-23a6aa89592d,1,0.475,0.505,0.995,Mehlhaff,OutParty,Democracy,Republican,Democratic,Republican,Democrat,Democratic,Democrat,redistrict,2,53,"Bachelor's degree (for example: BA, AB, BS)",Female,Business Management & Administration,Married,Republican,"No, not of Hispanic, Latino, or Spanish origin",Woman,United States,"$50,000-$59,999",Black or African American,Full-time
"Yes, I consent to participate.",Democrat,NA,Not Very Strong,NA,No,No,Directing law enforcement to investigate politicians of the opposing party,10,28,Very important,79,18,4,81,64,Neither comfortable nor uncomfortable,Neither comfortable nor uncomfortable,Neither comfortable nor uncomfortable,Somewhat unlikely,Republican,The governor took action to pursue a specific policy outcome.,73,16,13,70,NA,NA,NA,NA,NA,NA,NA,NA,374B19B102394ECFBF26242F2A1D0DBD,019de9a9-3d51-7cb1-afe7-bd59f8960bf8,019de1ab-afed-72b0-99bf-23a6aa89592d,1,0.475,0.505,0.995,Mehlhaff,Control,Policy,Democratic,Republican,Democrat,Republican,NA,NA,investigate,0,72,"Master's degree (for example: MA, MS, MEng, MEd, MSW, MBA)",Male,Retired,Married,Democrat,"No, not of Hispanic, Latino, or Spanish origin",Man,United States,"$175,000-$199,999",Black or African American,Retired
"Yes, I consent to participate.",Independent,NA,NA,Neither,Yes,No,Directing law enforcement to investigate politicians of the opposing party,0,1,Very important,50,40,35,88,64,Somewhat comfortable,Neither comfortable nor uncomfortable,Neither comfortable nor uncomfortable,Somewhat likely,Not specified,The governor took action in an effort to reshape democratic norms and institutions.,NA,NA,NA,NA,20,40,20,88,NA,NA,NA,NA,EBAFB8F0F5F04F348544AC7A384BAEF1,019de99f-ff81-7275-be86-229d583546df,019de1ab-afed-72b0-99bf-23a6aa89592d,1,0.475,0.505,0.995,Mehlhaff,Control,Democracy,Republican,Democratic,Republican,Democrat,NA,NA,investigate,3,38,"Bachelor's degree (for example: BA, AB, BS)",Female,Other,In a relationship,Independent,"No, not of Hispanic, Latino, or Spanish origin",Woman,United States,"$10,000-$19,999",An ethnicity not listed here,Full-time
"Yes, I consent to participate.",Democrat,NA,Not Very Strong,NA,Yes,No,Restructuring the state’s highest court to favor the party in power,80,87,Very important,72,21,40,61,64,Somewhat comfortable,Somewhat comfortable,Comfortable,Very unlikely,Democrat,The governor took action to pursue a specific policy outcome.,71,21,40,61,NA,NA,NA,NA,NA,NA,NA,NA,D82A62E3FE69425987EFBDC0CFCBA1A0,019de9ae-8dac-7414-9a01-3d3b46600bf1,019de1ab-afed-72b0-99bf-23a6aa89592d,1,0.475,0.505,0.995,OW,OutParty,Electoral,Democratic,Republican,Democrat,Republican,Republican,Republican,courts,0,53,"Bachelor's degree (for example: BA, AB, BS)",Female,Finance,Married,Democrat,"Yes, another Hispanic, Latino, or Spanish origin – (for example, Salvadoran, Dominican, Colombian, Guatemalan, Spaniard, Ecuadorian, etc.)",Woman,United States,"$175,000-$199,999",White,Full-time
"Yes, I consent to participate.",Democrat,NA,Not Very Strong,NA,No,No,Manipulating geographic boundaries of election districts,35,67,Somewhat important,28,39,67,9,64,Somewhat uncomfortable,Somewhat uncomfortable,Somewhat comfortable,Somewhat unlikely,Republican,The governor took action to gain an electoral advantage or to respond to similar actions taken by the other party in the past.,NA,NA,NA,NA,60,60,65,98,NA,NA,NA,NA,ED22D76165264BB3AF70BACC1884351D,019de9a4-cad9-7430-8e49-6315efb105f3,019de1ab-afed-72b0-99bf-23a6aa89592d,1,0.475,0.505,0.995,Mehlhaff,InParty,Electoral,Democratic,Republican,Democrat,Republican,Democratic,Democrat,redistrict,2,40,"Some college, but no degree",Female,Information Technology,Single,Democrat,"No, not of Hispanic, Latino, or Spanish origin",Woman,United States,"$50,000-$59,999",Black or African American,Full-time
"Yes, I consent to participate.",Independent,NA,NA,Closer to Democratic Party,Yes,No,Prosecuting journalists for unfair news coverage,0,60,Very important,100,20,20,40,64,Uncomfortable,Very uncomfortable,Somewhat uncomfortable,Very unlikely,Democrat,The governor took action in an effort to reshape democratic norms and institutions.,100,20,20,40,NA,NA,NA,NA,NA,NA,NA,NA,6068FFBF14ED4015BAFDAF9381B54F91,019de9ad-7b99-7e64-9e96-b5821c4ac753,019de1ab-afed-72b0-99bf-23a6aa89592d,1,0.475,0.505,0.995,Mehlhaff,InParty,Policy,Democratic,Republican,Democrat,Republican,Democratic,Democrat,media,0,30,"Associate degree (for example: AA, AS)",Male,Information Technology,Divorced,Independent,"Yes, Puerto Rican",Man,United States,"$70,000-$79,999",White,Full-time
"Yes, I consent to participate.",Independent,NA,NA,Neither,Yes,No,Restructuring the state’s highest court to favor the party in power,50,50,Neither important nor unimportant,76,35,77,92,64,Neither comfortable nor uncomfortable,Neither comfortable nor uncomfortable,Neither comfortable nor uncomfortable,Likely,Not specified,The governor took action in an effort to reshape democratic norms and institutions.,NA,NA,NA,NA,81,32,85,87,NA,NA,NA,NA,42E2FC6E6A244AD29AA4F31B77EA1555,019de9ac-de4c-7aa3-952a-d09b92cfb86c,019de1ab-afed-72b0-99bf-23a6aa89592d,1,0.475,0.505,0.995,Mehlhaff,Control,Electoral,Republican,Democratic,Republican,Democrat,NA,NA,courts,1,44,High school graduate - high school diploma or the equivalent (for example: GED),Female,Other,Single,Independent,"No, not of Hispanic, Latino, or Spanish origin",Woman,United States,"$40,000-$49,999",Black or African American,Full-time
"Yes, I consent to participate.",Independent,NA,NA,Closer to Democratic Party,Yes,No,Restructuring the state’s highest court to favor the party in power,0,65,Very important,71,63,55,82,64,Somewhat uncomfortable,Somewhat uncomfortable,Somewhat uncomfortable,Neither likely nor unlikely,Not specified,The governor took action to gain an electoral advantage or to respond to similar actions taken by the other party in the past.,NA,NA,NA,NA,80,61,51,88,NA,NA,NA,NA,625E9C4ADE9D46D5966BDD8C8BEECAE0,019de9ae-a64a-77dd-ac8b-c3f730414132,019de1ab-afed-72b0-99bf-23a6aa89592d,1,0.475,0.505,0.995,OW,Control,Policy,Democratic,Republican,Democrat,Republican,NA,NA,courts,3,62,"Master's degree (for example: MA, MS, MEng, MEd, MSW, MBA)",Male,Manufacturing,In a relationship,Independent,"No, not of Hispanic, Latino, or Spanish origin",Man,United States,"$125,000-$149,999",White,Full-time
"Yes, I consent to participate.",Independent,NA,NA,Closer to Democratic Party,Yes,No,Restructuring the state’s highest court to favor the party in power,13,86,Very important,62,10,50,100,64,Neither comfortable nor uncomfortable,Very Comfortable,Very comfortable,Very unlikely,Democrat,The governor took action to gain an electoral advantage or to respond to similar actions taken by the other party in the past.,NA,NA,NA,NA,60,8,41,100,NA,NA,NA,NA,164F7D92009F4FF3892B14819C8ED304,019de9af-4f5f-7fbb-8ff9-37cb5730f3e1,019de1ab-afed-72b0-99bf-23a6aa89592d,1,0.475,0.505,0.995,OW,InParty,Policy,Democratic,Republican,Democrat,Republican,Democratic,Democrat,courts,2,71,"Bachelor's degree (for example: BA, AB, BS)",Female,Education & Training,Single,Independent,"No, not of Hispanic, Latino, or Spanish origin",Woman,United States,"$40,000-$49,999",White,Full-time
"Yes, I consent to participate.",Democrat,NA,Strong,NA,Yes,No,Restructuring the state’s highest court to favor the party in power,5,84,Important,74,21,20,82,64,Very uncomfortable,Very uncomfortable,Neither comfortable nor uncomfortable,Neither likely nor unlikely,Not specified,The governor took action to gain an electoral advantage or to respond to similar actions taken by the other party in the past.,33,25,16,61,NA,NA,NA,NA,NA,NA,NA,NA,1FACCA6A43714A868BDB7E9471BCA259,019de9a7-cb87-733b-9de5-59d16d049e13,019de1ab-afed-72b0-99bf-23a6aa89592d,1,0.475,0.505,0.995,OW,Control,Policy,Democratic,Republican,Democrat,Republican,NA,NA,courts,0,50,"Associate degree (for example: AA, AS)",Female,Other,Single,Independent,"No, not of Hispanic, Latino, or Spanish origin",Woman,United States,"$40,000-$49,999",Black or African American,Full-time
"Yes, I consent to participate.",Democrat,NA,Not Very Strong,NA,Yes,Yes,Restructuring the state’s highest court to favor the party in power,77,86,Very important,98,87,10,87,64,Very comfortable,Very Comfortable,Very comfortable,Somewhat likely,Republican,The governor took action in an effort to reshape democratic norms and institutions.,NA,NA,NA,NA,100,50,40,91,NA,NA,NA,NA,F9CF7F6F777F499A9D99B9C3DDCE735A,019de9af-0f0e-7431-a6a7-43af90afe36b,019de1ab-afed-72b0-99bf-23a6aa89592d,1,0.475,0.505,0.995,OW,OutParty,Electoral,Democratic,Republican,Democrat,Republican,Republican,Republican,courts,2,44,"Bachelor's degree (for example: BA, AB, BS)",Male,Information Technology,Single,Democrat,"Yes, Mexican, Mexican Am., Chicano",Man,United States,"$150,000-$174,999",White,Full-time
"Yes, I consent to participate.",Republican,NA,Strong,NA,Yes,No,Restructuring the state’s highest court to favor the party in power,75,5,Important,60,20,10,80,64,Somewhat uncomfortable,Somewhat comfortable,Somewhat comfortable,Very unlikely,Democrat,The governor took action in an effort to reshape democratic norms and institutions.,NA,NA,NA,NA,98,50,20,60,NA,NA,NA,NA,49CD46AF79644C52A412F33C54CBB06A,019de9ae-ad60-71ad-9275-3a1d19dbee04,019de1ab-afed-72b0-99bf-23a6aa89592d,1,0.475,0.505,0.995,OW,OutParty,Electoral,Republican,Democratic,Republican,Democrat,Democratic,Democrat,courts,1,65,High school graduate - high school diploma or the equivalent (for example: GED),Female,Other,Married,Republican,"No, not of Hispanic, Latino, or Spanish origin",Woman,United States,"$60,000-$69,999",White,Business Owner
"Yes, I consent to participate.",Independent,NA,NA,Neither,Yes,No,Manipulating geographic boundaries of election districts,0,0,Neither important nor unimportant,72,31,65,22,64,Neither comfortable nor uncomfortable,Neither comfortable nor uncomfortable,Neither comfortable nor uncomfortable,Very unlikely,Not specified,The governor took action in an effort to reshape democratic norms and institutions.,NA,NA,NA,NA,95,23,80,73,NA,NA,NA,NA,20BBD8537EB741D0908AFFF0683DE8FA,019de9a3-2586-70a7-8fc8-c781bd5611e8,019de1ab-afed-72b0-99bf-23a6aa89592d,1,0.475,0.505,0.995,OW,Control,Policy,Republican,Democratic,Republican,Democrat,NA,NA,redistrict,2,45,"Some college, but no degree",Male,Information Technology,Single,Independent,"No, not of Hispanic, Latino, or Spanish origin",Man,United States,"$30,000-$39,999",Black or African American,Full-time
"Yes, I consent to participate.",Democrat,NA,Not Very Strong,NA,No,No,Manipulating geographic boundaries of election districts,19,50,Important,40,40,30,5,64,Neither comfortable nor uncomfortable,Neither comfortable nor uncomfortable,Somewhat uncomfortable,Somewhat likely,Not specified,The governor took action in an effort to reshape democratic norms and institutions.,NA,NA,NA,NA,40,30,30,5,NA,NA,NA,NA,AB105B810FB7406C999D2CA1AFA0EE26,019de9af-3477-7ee1-bc20-42d7883a685d,019de1ab-afed-72b0-99bf-23a6aa89592d,1,0.475,0.505,0.995,OW,Control,Policy,Democratic,Republican,Democrat,Republican,NA,NA,redistrict,3,32,"Bachelor's degree (for example: BA, AB, BS)",Female,Other,In a relationship,Republican,"Yes, Mexican, Mexican Am., Chicano",Woman,United States,"$60,000-$69,999",American Indian or Alaska Native,Full-time
"Yes, I consent to participate.",Republican,NA,Strong,NA,Yes,Yes,Manipulating geographic boundaries of election districts,77,18,Somewhat important,83,24,86,62,64,Comfortable,Somewhat comfortable,Somewhat comfortable,Likely,Democrat,The governor took action to gain an electoral advantage or to respond to similar actions taken by the other party in the past.,NA,NA,NA,NA,100,25,67,52,NA,NA,NA,NA,FD8A586096224FB1B239054C173B1240,019de9a9-e070-769b-a54b-9b60cd3022f2,019de1ab-afed-72b0-99bf-23a6aa89592d,1,0.475,0.505,0.995,Mehlhaff,OutParty,Electoral,Republican,Democratic,Republican,Democrat,Democratic,Democrat,redistrict,3,51,"Bachelor's degree (for example: BA, AB, BS)",Female,Information Technology,Married,Republican,"No, not of Hispanic, Latino, or Spanish origin",Woman,United States,"$80,000-$89,999",Black or African American,Full-time
"Yes, I consent to participate.",Democrat,NA,Strong,NA,Yes,No,Manipulating geographic boundaries of election districts,2,70,Very important,80,10,50,71,64,Neither comfortable nor uncomfortable,Somewhat uncomfortable,Neither comfortable nor uncomfortable,Neither likely nor unlikely,Democrat,The governor took action to gain an electoral advantage or to respond to similar actions taken by the other party in the past.,NA,NA,NA,NA,100,20,50,100,NA,NA,NA,NA,919FE9C8241B4D9384F98DCD217F87A7,019de9af-7b53-79f1-a25b-9fe5cff46c1e,019de1ab-afed-72b0-99bf-23a6aa89592d,1,0.475,0.505,0.995,Mehlhaff,InParty,Democracy,Democratic,Republican,Democrat,Republican,Democratic,Democrat,redistrict,3,70,"Doctorate degree (for example: PhD, EdD)",Male,"Science, Technology, Engineering & Mathematics",Married,Democrat,"No, not of Hispanic, Latino, or Spanish origin",Man,United States,Prefer not to say,White,Retired
"Yes, I consent to participate.",Democrat,NA,Not Very Strong,NA,Yes,No,Directing law enforcement to investigate politicians of the opposing party,9,75,Very important,94,9,100,50,64,Somewhat uncomfortable,Uncomfortable,Uncomfortable,Neither likely nor unlikely,Not specified,The governor took action in an effort to reshape democratic norms and institutions.,NA,NA,NA,NA,94,18,76,50,NA,NA,NA,NA,0F12AA0352C84C5DBC36748E3C676733,019de9b0-e9f0-7886-b12c-31ed06a05c92,019de1ab-afed-72b0-99bf-23a6aa89592d,1,0.475,0.505,0.995,OW,Control,Policy,Democratic,Republican,Democrat,Republican,NA,NA,investigate,2,66,"Associate degree (for example: AA, AS)",Male,Retired,In a civil union/partnership,Democrat,"No, not of Hispanic, Latino, or Spanish origin",Man,United States,"$10,000-$19,999",White,Retired
"Yes, I consent to participate.",Republican,NA,Strong,NA,No,No,Restructuring the state’s highest court to favor the party in power,78,35,Very important,50,60,75,80,64,Neither comfortable nor uncomfortable,Somewhat comfortable,Comfortable,Unlikely,Democrat,The governor took action in an effort to reshape democratic norms and institutions.,NA,NA,NA,NA,99,49,55,98,NA,NA,NA,NA,79462987E07B4569998A0A5A882D1B98,019de9b2-3111-7292-9cab-be9f210576c6,019de1ab-afed-72b0-99bf-23a6aa89592d,1,0.475,0.505,0.995,OW,OutParty,Policy,Republican,Democratic,Republican,Democrat,Democratic,Democrat,courts,1,61,"Some college, but no degree",Male,Retired,Married,Republican,"No, not of Hispanic, Latino, or Spanish origin",Man,United States,"$30,000-$39,999",White,Retired
"Yes, I consent to participate.",Democrat,NA,Strong,NA,Yes,No,Manipulating geographic boundaries of election districts,0,100,Very important,50,68,0,72,64,Very uncomfortable,Very uncomfortable,Very uncomfortable,Very unlikely,Republican,The governor took action to gain an electoral advantage or to respond to similar actions taken by the other party in the past.,NA,NA,NA,NA,100,44,0,69,NA,NA,NA,NA,14FE7DB71FC54A299F951D91A3530E3D,019de9af-bba9-7f9e-be84-b5101bce6b21,019de1ab-afed-72b0-99bf-23a6aa89592d,1,0.475,0.505,0.995,OW,OutParty,Democracy,Democratic,Republican,Democrat,Republican,Republican,Republican,redistrict,2,64,"Some college, but no degree",Female,Retired,Single,Democrat,"No, not of Hispanic, Latino, or Spanish origin",Woman,United States,"$40,000-$49,999",Black or African American,Retired
"Yes, I consent to participate.",Democrat,NA,Strong,NA,No,No,Restructuring the state’s highest court to favor the party in power,0,100,Very important,100,3,100,100,64,Somewhat uncomfortable,Very uncomfortable,Somewhat comfortable,Very unlikely,Republican,The governor took action to pursue a specific policy outcome.,NA,NA,NA,NA,100,1,100,100,NA,NA,NA,NA,B5178CC5904F4CAABCB89D4C9531C121,019de9ad-fa1d-7586-9458-475a5346985d,019de1ab-afed-72b0-99bf-23a6aa89592d,1,0.475,0.505,0.995,OW,OutParty,Policy,Democratic,Republican,Democrat,Republican,Republican,Republican,courts,1,45,"Associate degree (for example: AA, AS)",Female,Medicine,Divorced,Democrat,"Yes, Puerto Rican",Woman,United States,"$30,000-$39,999",White,Part-time
"Yes, I consent to participate.",Democrat,NA,Strong,NA,Yes,No,Restructuring the state’s highest court to favor the party in power,41,92,Very important,31,43,25,52,64,Neither comfortable nor uncomfortable,Somewhat uncomfortable,Comfortable,Neither likely nor unlikely,Not specified,The governor took action to gain an electoral advantage or to respond to similar actions taken by the other party in the past.,NA,NA,NA,NA,32,42,32,71,NA,NA,NA,NA,F66252582B424F3AA49DDACB7A5C38AD,019de9b0-49b4-7d2f-aa47-fe5bfb0765c9,019de1ab-afed-72b0-99bf-23a6aa89592d,1,0.475,0.505,0.995,Mehlhaff,Control,Electoral,Democratic,Republican,Democrat,Republican,NA,NA,courts,2,41,"Associate degree (for example: AA, AS)",Female,Business Management & Administration,NA,Democrat,"No, not of Hispanic, Latino, or Spanish origin",Woman,United States,"$30,000-$39,999",Black or African American,Full-time
"Yes, I consent to participate.",Democrat,NA,Strong,NA,Yes,No,Directing law enforcement to investigate politicians of the opposing party,35,69,Very important,55,1,52,75,64,Neither comfortable nor uncomfortable,Somewhat comfortable,Somewhat comfortable,Neither likely nor unlikely,Not specified,The governor took action in an effort to reshape democratic norms and institutions.,NA,NA,NA,NA,91,17,50,100,NA,NA,NA,NA,453E8B8456E9424FA9946D9509371D29,019de9aa-c106-7fee-9877-530bff74d6a8,019de1ab-afed-72b0-99bf-23a6aa89592d,1,0.475,0.505,0.995,Mehlhaff,Control,Policy,Democratic,Republican,Democrat,Republican,NA,NA,investigate,3,71,High school graduate - high school diploma or the equivalent (for example: GED),Female,Retired,Single,Democrat,"No, not of Hispanic, Latino, or Spanish origin",Woman,United States,"$20,000-$29,999",Black or African American,Retired
"Yes, I consent to participate.",Independent,NA,NA,Closer to Republican Party,No,No,Restructuring the state’s highest court to favor the party in power,84,69,Important,73,21,64,78,64,Comfortable,Comfortable,Comfortable,Neither likely nor unlikely,Republican,The governor took action to pursue a specific policy outcome.,NA,NA,NA,NA,100,40,79,100,NA,NA,NA,NA,0C5CDC46917D4BE7A847EE0FCE2CB7D3,019de9ae-a0e9-77a7-9f8a-60124550710b,019de1ab-afed-72b0-99bf-23a6aa89592d,1,0.475,0.505,0.995,Mehlhaff,InParty,Policy,Republican,Democratic,Republican,Democrat,Republican,Republican,courts,1,69,"Bachelor's degree (for example: BA, AB, BS)",Female,Retired,Widowed,Republican,"No, not of Hispanic, Latino, or Spanish origin",Woman,United States,"$20,000-$29,999",White,Retired
"Yes, I consent to participate.",Independent,NA,NA,Closer to Democratic Party,Yes,No,Banning political rallies,12,70,Somewhat important,70,27,70,17,64,Uncomfortable,Very uncomfortable,Somewhat uncomfortable,Very unlikely,Republican,The governor took action to pursue a specific policy outcome.,NA,NA,NA,NA,100,48,100,100,NA,NA,NA,NA,C7C5D5C397934ADBB09E62E9CBDD0B49,019de9ae-2b19-74a2-8d0a-a4543c87c987,019de1ab-afed-72b0-99bf-23a6aa89592d,1,0.475,0.505,0.995,OW,OutParty,Democracy,Democratic,Republican,Democrat,Republican,Republican,Republican,rallies,1,18,"Some college, but no degree",Female,Arts,In a relationship,Independent,"Yes, Cuban",Woman,United States,"$20,000-$29,999",White,Unemployed
"Yes, I consent to participate.",Democrat,NA,Strong,NA,Yes,Unsure,Manipulating geographic boundaries of election districts,50,70,Neither important nor unimportant,80,38,48,50,64,Neither comfortable nor uncomfortable,Neither comfortable nor uncomfortable,Neither comfortable nor uncomfortable,Somewhat unlikely,Republican,The governor took action to gain an electoral advantage or to respond to similar actions taken by the other party in the past.,NA,NA,NA,NA,52,50,48,55,NA,NA,NA,NA,51D21ECCC19E46B3B7FBA836A4B9CD05,019de9a8-a93c-766d-b6e0-912ddb82db86,019de1ab-afed-72b0-99bf-23a6aa89592d,1,0.475,0.505,0.995,Mehlhaff,InParty,Policy,Democratic,Republican,Democrat,Republican,Democratic,Democrat,redistrict,1,39,High school graduate - high school diploma or the equivalent (for example: GED),Male,"Transportation, Distribution & Logistics",Single,Democrat,"No, not of Hispanic, Latino, or Spanish origin",Man,United States,"$50,000-$59,999",Black or African American,Full-time
"Yes, I consent to participate.",Democrat,NA,Strong,NA,No,No,Restructuring the state’s highest court to favor the party in power,20,80,Somewhat important,50,26,50,50,64,Very uncomfortable,Uncomfortable,Uncomfortable,Likely,Democrat,The governor took action to gain an electoral advantage or to respond to similar actions taken by the other party in the past.,80,50,50,50,NA,NA,NA,NA,NA,NA,NA,NA,57C912FC551B4394ABCF0CDA2F381112,019de9b0-15a8-7ed9-a9d2-11d38f3ab9b5,019de1ab-afed-72b0-99bf-23a6aa89592d,1,0.475,0.505,0.995,OW,InParty,Policy,Democratic,Republican,Democrat,Republican,Democratic,Democrat,courts,0,22,"Some college, but no degree",Female,Other,Single,Democrat,"No, not of Hispanic, Latino, or Spanish origin",Woman,United States,"$10,000-$19,999",Black or African American,Student
"Yes, I consent to participate.",Democrat,NA,Not Very Strong,NA,No,No,Restructuring the state’s highest court to favor the party in power,8,50,Very important,88,50,22,73,64,Uncomfortable,Uncomfortable,Neither comfortable nor uncomfortable,Neither likely nor unlikely,Not specified,The governor took action in an effort to reshape democratic norms and institutions.,88,50,23,80,NA,NA,NA,NA,NA,NA,NA,NA,DB5BC51994ED421BB78D2130A1A5D986,019de9b2-8eb0-75eb-ad91-724c5c485f6d,019de1ab-afed-72b0-99bf-23a6aa89592d,1,0.475,0.505,0.995,OW,Control,Electoral,Democratic,Republican,Democrat,Republican,NA,NA,courts,0,47,"Master's degree (for example: MA, MS, MEng, MEd, MSW, MBA)",Female,Retail,Married,Democrat,"No, not of Hispanic, Latino, or Spanish origin",Woman,United States,"$200,000-$224,999",Black or African American,Full-time
"Yes, I consent to participate.",Independent,NA,NA,Neither,Yes,No,Manipulating geographic boundaries of election districts,60,64,Neither important nor unimportant,64,41,37,32,60,Neither comfortable nor uncomfortable,Neither comfortable nor uncomfortable,Neither comfortable nor uncomfortable,Very unlikely,Republican,The governor took action in an effort to reshape democratic norms and institutions.,NA,NA,NA,NA,20,35,26,21,NA,NA,NA,NA,971E31D8E7684EAE83C82A35E590421C,019de9b0-a1dd-7499-a350-ec5ab57e80e9,019de1ab-afed-72b0-99bf-23a6aa89592d,1,0.475,0.505,0.995,Mehlhaff,InParty,Policy,Republican,Democratic,Republican,Democrat,Republican,Republican,redistrict,2,35,"Some college, but no degree",Female,I’d Rather Not Say,Single,Prefer not to say,"No, not of Hispanic, Latino, or Spanish origin",Woman,United States,"$30,000-$39,999",Black or African American,Unemployed
"Yes, I consent to participate.",Independent,NA,NA,Closer to Republican Party,Yes,Yes,Prosecuting journalists for unfair news coverage,50,50,Very important,50,4,90,50,64,Comfortable,Comfortable,Comfortable,Unlikely,Not specified,The governor took action to pursue a specific policy outcome.,50,10,90,50,NA,NA,NA,NA,NA,NA,NA,NA,F91A977069CB4BCFBCE4716D6BC2FD84,019de9ab-f0a5-7dcc-bf10-def49ae7e380,019de1ab-afed-72b0-99bf-23a6aa89592d,1,0.475,0.505,0.995,Mehlhaff,Control,Democracy,Republican,Democratic,Republican,Democrat,NA,NA,media,0,32,"Some college, but no degree",Male,Retail,Single,Independent,"Yes, Mexican, Mexican Am., Chicano",Man,United States,"$70,000-$79,999",White,Business Owner
"Yes, I consent to participate.",Independent,NA,NA,Neither,Yes,No,Restructuring the state’s highest court to favor the party in power,50,0,Very important,50,50,71,50,64,Very comfortable,Very Comfortable,Very comfortable,Very unlikely,Democrat,The governor took action in an effort to reshape democratic norms and institutions.,NA,NA,NA,NA,74,50,68,100,NA,NA,NA,NA,DC3E8EF68F32457D9DA37485D4B71323,019de9b3-18c5-715c-aa7f-6fa18c0a8342,019de1ab-afed-72b0-99bf-23a6aa89592d,1,0.475,0.505,0.995,OW,InParty,Electoral,Democratic,Republican,Democrat,Republican,Democratic,Democrat,courts,1,55,"Bachelor's degree (for example: BA, AB, BS)",Male,Finance,Divorced,Prefer not to say,"No, not of Hispanic, Latino, or Spanish origin",Man,United States,"$80,000-$89,999",Black or African American,Full-time
"Yes, I consent to participate.",Democrat,NA,Strong,NA,Yes,No,Directing law enforcement to investigate politicians of the opposing party,50,100,Very important,50,50,0,50,64,Somewhat comfortable,Somewhat comfortable,Neither comfortable nor uncomfortable,Neither likely nor unlikely,Not specified,The governor took action in an effort to reshape democratic norms and institutions.,NA,NA,NA,NA,98,50,0,50,NA,NA,NA,NA,9C157F56FEEC4F22BAFEEC11763B9759,019de9ac-8f23-7d3e-9dd1-a6ae658c499d,019de1ab-afed-72b0-99bf-23a6aa89592d,1,0.475,0.505,0.995,OW,Control,Democracy,Democratic,Republican,Democrat,Republican,NA,NA,investigate,3,27,"Bachelor's degree (for example: BA, AB, BS)",Male,Information Technology,Married,Democrat,"No, not of Hispanic, Latino, or Spanish origin",Man,United States,"$100,000-$124,999",Black or African American,Full-time
"Yes, I consent to participate.",Democrat,NA,Not Very Strong,NA,No,No,Restructuring the state’s highest court to favor the party in power,50,72,Important,50,19,40,50,64,Neither comfortable nor uncomfortable,Neither comfortable nor uncomfortable,Neither comfortable nor uncomfortable,Very unlikely,Republican,The governor took action to gain an electoral advantage or to respond to similar actions taken by the other party in the past.,NA,NA,NA,NA,0,0,100,100,NA,NA,NA,NA,FB3218C890294ABDB83C7B0510AA4B2D,019de9b2-6c36-71c2-a703-4dbd03ef8f9b,019de1ab-afed-72b0-99bf-23a6aa89592d,1,0.475,0.505,0.995,Mehlhaff,OutParty,Electoral,Democratic,Republican,Democrat,Republican,Republican,Republican,courts,3,46,"Master's degree (for example: MA, MS, MEng, MEd, MSW, MBA)",Female,Other,Married,Democrat,"No, not of Hispanic, Latino, or Spanish origin",Woman,United States,"$225,000-$249,999",Korean,Part-time
"Yes, I consent to participate.",Democrat,NA,Not Very Strong,NA,Yes,No,Restructuring the state’s highest court to favor the party in power,33,79,Important,20,60,32,70,64,Comfortable,Comfortable,Comfortable,Somewhat likely,Democrat,The governor took action in an effort to reshape democratic norms and institutions.,20,63,31,71,NA,NA,NA,NA,NA,NA,NA,NA,0D402028FAFD4426A5C3D8090FAAC17C,019de9ae-a055-7ef0-b648-cc980928dade,019de1ab-afed-72b0-99bf-23a6aa89592d,1,0.475,0.505,0.995,OW,Control,Electoral,Democratic,Republican,Democrat,Republican,NA,NA,courts,0,62,"Some college, but no degree",Female,Retail,NA,Democrat,"No, not of Hispanic, Latino, or Spanish origin",Woman,United States,"$60,000-$69,999",White,Full-time
"Yes, I consent to participate.",Democrat,NA,Strong,NA,No,No,Banning political rallies,19,79,Very important,50,40,60,70,64,Somewhat uncomfortable,Somewhat uncomfortable,Somewhat uncomfortable,Very unlikely,Democrat,The governor took action to gain an electoral advantage or to respond to similar actions taken by the other party in the past.,NA,NA,NA,NA,100,40,60,100,NA,NA,NA,NA,26D2C6FC66BC4D798F845DFA179B34D8,019de9ac-e1d1-79c0-9e67-6ef9931bd4fb,019de1ab-afed-72b0-99bf-23a6aa89592d,1,0.475,0.505,0.995,Mehlhaff,InParty,Electoral,Democratic,Republican,Democrat,Republican,Democratic,Democrat,rallies,1,31,"Bachelor's degree (for example: BA, AB, BS)",Male,Education & Training,Single,Democrat,"Yes, Mexican, Mexican Am., Chicano",Man,United States,"$30,000-$39,999",An ethnicity not listed here,Part-time
"Yes, I consent to participate.",Democrat,NA,Strong,NA,Yes,No,Manipulating geographic boundaries of election districts,30,90,Very important,75,40,10,90,64,Comfortable,Comfortable,Somewhat comfortable,Somewhat likely,Not specified,The governor took action to gain an electoral advantage or to respond to similar actions taken by the other party in the past.,NA,NA,NA,NA,75,40,20,90,NA,NA,NA,NA,82D88B29D40F4C5A910237120499A0A7,019de9af-b834-70ac-a0af-3297e6549878,019de1ab-afed-72b0-99bf-23a6aa89592d,1,0.475,0.505,0.995,OW,Control,Democracy,Democratic,Republican,Democrat,Republican,NA,NA,redistrict,3,72,"Master's degree (for example: MA, MS, MEng, MEd, MSW, MBA)",Female,Retired,Single,Democrat,"No, not of Hispanic, Latino, or Spanish origin",Woman,United States,"$60,000-$69,999",White,Retired
"Yes, I consent to participate.",Democrat,NA,Strong,NA,Yes,No,Restructuring the state’s highest court to favor the party in power,10,80,Very important,60,25,60,70,64,Very uncomfortable,Very uncomfortable,Very uncomfortable,Very unlikely,Republican,The governor took action to gain an electoral advantage or to respond to similar actions taken by the other party in the past.,NA,NA,NA,NA,60,28,60,77,NA,NA,NA,NA,E0710E40E06545068AC6FAE1ABDB3983,019de9ac-871b-76d7-bdb4-1f6137184638,019de1ab-afed-72b0-99bf-23a6aa89592d,1,0.475,0.505,0.995,OW,OutParty,Democracy,Democratic,Republican,Democrat,Republican,Republican,Republican,courts,3,36,"Bachelor's degree (for example: BA, AB, BS)",Female,Medicine,In a relationship,Democrat,"Yes, another Hispanic, Latino, or Spanish origin – (for example, Salvadoran, Dominican, Colombian, Guatemalan, Spaniard, Ecuadorian, etc.)",Woman,United States,"$90,000-$99,999",White,Full-time
"Yes, I consent to participate.",Democrat,NA,Not Very Strong,NA,No,No,Restructuring the state’s highest court to favor the party in power,17,77,Important,68,13,32,60,64,Somewhat uncomfortable,Somewhat uncomfortable,Somewhat comfortable,Neither likely nor unlikely,Democrat,The governor took action in an effort to reshape democratic norms and institutions.,NA,NA,NA,NA,71,14,35,58,NA,NA,NA,NA,E68CF94FE21348CCB1C0A19247FB1364,019de9c5-1461-718a-a25e-e02a82e2f8d4,019de1ab-afed-72b0-99bf-23a6aa89592d,1,0.475,0.505,0.995,OW,InParty,Democracy,Democratic,Republican,Democrat,Republican,Democratic,Democrat,courts,1,37,"Bachelor's degree (for example: BA, AB, BS)",Female,Medicine,NA,Democrat,"No, not of Hispanic, Latino, or Spanish origin",Woman,United States,"$70,000-$79,999",Filipino,Part-time
"Yes, I consent to participate.",Independent,NA,NA,Closer to Democratic Party,Yes,No,Banning political rallies,10,60,Important,20,25,49,70,64,Somewhat uncomfortable,Neither comfortable nor uncomfortable,Somewhat uncomfortable,Very unlikely,Democrat,The governor took action to pursue a specific policy outcome.,NA,NA,NA,NA,100,71,60,100,NA,NA,NA,NA,3AA21F44F2484902AF6ED5B6A974EFAA,019de9c2-c308-7da3-82d0-63e995377dce,019de1ab-afed-72b0-99bf-23a6aa89592d,1,0.475,0.505,0.995,OW,InParty,Policy,Democratic,Republican,Democrat,Republican,Democratic,Democrat,rallies,2,25,"Bachelor's degree (for example: BA, AB, BS)",Male,Other,Single,Independent,"No, not of Hispanic, Latino, or Spanish origin",Man,United States,"$175,000-$199,999",Chinese,Full-time
NA,NA,NA,NA,NA,NA,NA,NA,NA,NA,NA,NA,NA,NA,NA,NA,NA,NA,NA,NA,NA,NA,NA,NA,NA,NA,NA,NA,NA,NA,NA,NA,NA,NA,FABCC210FAA54755B57865C1614BE16D,NA,NA,NA,NA,NA,NA,NA,NA,NA,NA,NA,NA,NA,NA,NA,NA,NA,63,High school graduate - high school diploma or the equivalent (for example: GED),Female,Retail,Single,Democrat,"No, not of Hispanic, Latino, or Spanish origin",Woman,United States,"$50,000-$59,999",White,Part-time
NA,NA,NA,NA,NA,NA,NA,NA,NA,NA,NA,NA,NA,NA,NA,NA,NA,NA,NA,NA,NA,NA,NA,NA,NA,NA,NA,NA,NA,NA,NA,NA,NA,NA,A352FFAB21D84896B1E9B3F7E081B4A6,NA,NA,NA,NA,NA,NA,NA,NA,NA,NA,NA,NA,NA,NA,NA,NA,NA,47,"Bachelor's degree (for example: BA, AB, BS)",Female,Information Technology,Divorced,Democrat,"No, not of Hispanic, Latino, or Spanish origin",Woman,United States,"$30,000-$39,999",Black or African American,Business Owner
NA,NA,NA,NA,NA,NA,NA,NA,NA,NA,NA,NA,NA,NA,NA,NA,NA,NA,NA,NA,NA,NA,NA,NA,NA,NA,NA,NA,NA,NA,NA,NA,NA,NA,09B7D1A9EBFC40609E563099596AFDE9,NA,NA,NA,NA,NA,NA,NA,NA,NA,NA,NA,NA,NA,NA,NA,NA,NA,27,"Master's degree (for example: MA, MS, MEng, MEd, MSW, MBA)",Female,"Science, Technology, Engineering & Mathematics",In a relationship,Democrat,"No, not of Hispanic, Latino, or Spanish origin",Woman,United States,"$150,000-$174,999",Vietnamese,Full-time
NA,NA,NA,NA,NA,NA,NA,NA,NA,NA,NA,NA,NA,NA,NA,NA,NA,NA,NA,NA,NA,NA,NA,NA,NA,NA,NA,NA,NA,NA,NA,NA,NA,NA,FC7E75519747425E8DA112AB88EFBA19,NA,NA,NA,NA,NA,NA,NA,NA,NA,NA,NA,NA,NA,NA,NA,NA,NA,66,High school graduate - high school diploma or the equivalent (for example: GED),Male,Other,Married,Independent,"No, not of Hispanic, Latino, or Spanish origin",Man,United States,"$100,000-$124,999",White,Part-time
NA,NA,NA,NA,NA,NA,NA,NA,NA,NA,NA,NA,NA,NA,NA,NA,NA,NA,NA,NA,NA,NA,NA,NA,NA,NA,NA,NA,NA,NA,NA,NA,NA,NA,61A13B482CA74777A9B903EA74B0E610,NA,NA,NA,NA,NA,NA,NA,NA,NA,NA,NA,NA,NA,NA,NA,NA,NA,30,"Some college, but no degree",Female,Retail,Single,Democrat,"No, not of Hispanic, Latino, or Spanish origin",Woman,United States,"$100,000-$124,999",Black or African American,Full-time
NA,NA,NA,NA,NA,NA,NA,NA,NA,NA,NA,NA,NA,NA,NA,NA,NA,NA,NA,NA,NA,NA,NA,NA,NA,NA,NA,NA,NA,NA,NA,NA,NA,NA,2553AFB0D16446BE878BEC49BEE8A455,NA,NA,NA,NA,NA,NA,NA,NA,NA,NA,NA,NA,NA,NA,NA,NA,NA,30,"Some college, but no degree",Female,Other,Married,Something else,"Yes, Puerto Rican",Woman,United States,"$50,000-$59,999",An ethnicity not listed here,Full-time
NA,NA,NA,NA,NA,NA,NA,NA,NA,NA,NA,NA,NA,NA,NA,NA,NA,NA,NA,NA,NA,NA,NA,NA,NA,NA,NA,NA,NA,NA,NA,NA,NA,NA,7BC98741760B4974B901E5014787CFCC,NA,NA,NA,NA,NA,NA,NA,NA,NA,NA,NA,NA,NA,NA,NA,NA,NA,23,High school graduate - high school diploma or the equivalent (for example: GED),Female,Hospitality & Tourism,In a relationship,Democrat,"Yes, another Hispanic, Latino, or Spanish origin – (for example, Salvadoran, Dominican, Colombian, Guatemalan, Spaniard, Ecuadorian, etc.)",Woman,United States,"$20,000-$29,999",An ethnicity not listed here,Unemployed